activity_id,advisor_id,lead_id,client_id,activity_date,activity_type,activity_outcome,duration_minutes
1,11,3,,2025-06-03,Call,Completed,10
2,11,3,,2025-05-31,Follow-up,Completed,10
3,7,6,,2026-01-04,Call,Completed,15
4,7,6,,2026-01-11,Follow-up,Completed,10
5,9,8,,2025-12-10,Meeting,Completed,60
6,4,10,,2024-03-17,Call,Completed,15
7,4,10,,2024-03-11,Follow-up,Completed,10
8,4,10,,2024-03-29,Meeting,Completed,30
9,24,14,1,2025-08-03,Call,Completed,10
10,24,14,1,2025-08-08,Follow-up,Completed,15
11,24,14,1,2025-08-14,Meeting,Completed,30
12,18,16,,2026-01-12,Follow-up,Completed,10
13,20,18,,2024-08-31,Meeting,Completed,45
14,14,20,,2025-08-15,Call,Completed,15
15,14,20,,2025-07-30,Follow-up,Completed,20
16,14,20,,2025-08-11,Meeting,Completed,45
17,22,23,,2024-09-27,Call,Completed,15
18,22,23,,2024-10-11,Follow-up,Completed,30
19,8,24,2,2024-09-07,Call,Completed,20
20,8,24,2,2024-09-09,Meeting,Completed,30
21,4,25,,2025-04-10,Call,Completed,10
22,4,25,,2025-04-06,Follow-up,Completed,30
23,16,28,,2025-04-08,Call,Completed,20
24,16,28,,2025-04-16,Follow-up,Completed,20
25,11,30,,2025-08-06,Call,Completed,30
26,11,30,,2025-07-21,Follow-up,Completed,20
27,14,31,,2025-07-06,Call,Completed,30
28,14,31,,2025-07-27,Follow-up,Completed,30
29,20,32,,2025-07-15,Call,Completed,15
30,20,32,,2025-07-13,Follow-up,Completed,20
31,20,32,,2025-07-14,Meeting,Completed,45
32,9,33,3,2025-03-28,Call,Completed,10
33,14,35,,2025-11-20,Call,Completed,30
34,14,35,,2025-11-22,Follow-up,Completed,15
35,8,38,4,2025-05-16,Call,Completed,20
36,8,38,4,2025-05-19,Follow-up,Completed,20
37,8,38,4,2025-05-29,Meeting,Completed,30
38,18,39,,2025-12-11,Call,Completed,15
39,18,39,,2025-12-19,Follow-up,Completed,15
40,18,39,,2026-01-17,Meeting,Completed,30
41,16,43,,2024-03-26,Call,Completed,10
42,14,44,,2025-10-01,Call,Completed,30
43,14,44,,2025-10-02,Follow-up,Completed,10
44,7,45,5,2025-10-25,Call,Completed,30
45,7,45,5,2025-10-10,Follow-up,Completed,20
46,19,46,,2024-10-25,Call,Completed,10
47,22,48,,2024-11-01,Call,Completed,20
48,22,48,,2024-10-21,Follow-up,Completed,30
49,3,49,,2025-05-18,Call,Completed,30
50,3,49,,2025-05-20,Meeting,Completed,30
51,18,51,6,2025-05-06,Call,Completed,15
52,18,51,6,2025-05-23,Meeting,Completed,30
53,19,54,,2025-11-21,Call,Completed,20
54,8,55,,2025-03-23,Call,Completed,15
55,8,55,,2025-02-26,Follow-up,Completed,15
56,1,57,7,2024-06-17,Call,Completed,10
57,10,58,8,2024-12-06,Call,Completed,20
58,2,59,9,2024-03-03,Call,Completed,30
59,2,59,9,2024-03-03,Follow-up,Completed,15
60,22,60,,2025-05-05,Follow-up,Completed,10
61,17,63,,2024-08-14,Call,Completed,15
62,20,64,,2025-09-30,Call,Completed,20
63,20,64,,2025-09-26,Follow-up,Completed,15
64,20,64,,2025-10-09,Meeting,Completed,30
65,6,66,,2025-02-07,Call,Completed,10
66,6,66,,2025-01-22,Follow-up,Completed,30
67,14,67,10,2024-10-08,Call,Completed,15
68,14,67,10,2024-10-26,Follow-up,Completed,10
69,14,67,10,2024-10-23,Meeting,Completed,30
70,3,68,11,2025-06-11,Call,Completed,20
71,3,68,11,2025-06-26,Follow-up,Completed,15
72,19,69,12,2025-11-28,Meeting,Completed,30
73,20,71,13,2024-06-22,Call,Completed,10
74,20,71,13,2024-06-15,Follow-up,Completed,20
75,10,73,14,2025-02-16,Call,Completed,30
76,10,73,14,2025-02-16,Meeting,Completed,60
77,8,74,,2024-06-13,Call,Completed,20
78,8,74,,2024-06-13,Follow-up,Completed,10
79,8,74,,2024-06-29,Meeting,Completed,30
80,9,75,15,2024-01-19,Call,Completed,20
81,9,75,15,2024-02-13,Follow-up,Completed,15
82,23,76,16,2024-03-15,Call,Completed,10
83,16,78,,2025-06-19,Follow-up,Completed,15
84,10,80,17,2025-07-16,Call,Completed,10
85,10,80,17,2025-07-10,Follow-up,Completed,20
86,10,80,17,2025-07-23,Meeting,Completed,45
87,1,83,,2025-02-01,Follow-up,Completed,30
88,1,83,,2025-02-20,Meeting,Completed,60
89,9,87,,2025-05-10,Call,Completed,10
90,9,87,,2025-05-24,Follow-up,Completed,15
91,10,93,19,2024-02-24,Call,Completed,15
92,10,93,19,2024-02-26,Meeting,Completed,30
93,17,94,,2026-01-07,Call,Completed,15
94,17,94,,2025-12-26,Follow-up,Completed,15
95,15,96,,2024-03-08,Meeting,Completed,60
96,2,97,,2025-04-03,Call,Completed,15
97,12,98,,2025-02-17,Call,Completed,15
98,12,98,,2025-02-07,Follow-up,Completed,10
99,13,99,,2025-07-19,Follow-up,Completed,30
100,8,100,20,2024-09-20,Meeting,Completed,30
101,10,104,,2024-10-21,Follow-up,Completed,20
102,11,105,,2025-03-18,Call,Completed,30
103,11,105,,2025-03-06,Follow-up,Completed,20
104,1,110,21,2025-03-18,Call,Completed,30
105,1,110,21,2025-02-27,Follow-up,Completed,10
106,1,110,21,2025-03-16,Meeting,Completed,30
107,13,112,,2024-04-13,Call,Completed,15
108,12,113,22,2024-03-20,Call,Completed,20
109,12,113,22,2024-03-04,Follow-up,Completed,30
110,12,113,22,2024-03-30,Meeting,Completed,60
111,20,114,23,2025-10-07,Follow-up,Completed,15
112,20,114,23,2025-10-26,Meeting,Completed,60
113,15,115,,2026-01-11,Follow-up,Completed,15
114,9,116,,2025-11-22,Call,Completed,30
115,9,116,,2025-12-01,Follow-up,Completed,20
116,21,117,,2024-04-18,Call,Completed,30
117,21,117,,2024-04-25,Meeting,Completed,30
118,15,119,,2025-01-19,Call,Completed,30
119,15,119,,2025-02-01,Follow-up,Completed,10
120,5,120,,2025-01-14,Call,Completed,30
121,5,120,,2025-01-01,Follow-up,Completed,10
122,11,121,,2025-11-05,Call,Completed,30
123,21,122,24,2024-07-30,Call,Completed,15
124,21,122,24,2024-08-01,Follow-up,Completed,10
125,21,122,24,2024-08-08,Meeting,Completed,30
126,24,124,,2025-08-30,Call,Completed,15
127,12,125,,2025-07-28,Follow-up,Completed,10
128,12,125,,2025-07-23,Meeting,Completed,30
129,21,126,25,2024-05-25,Call,Completed,15
130,21,126,25,2024-05-18,Follow-up,Completed,30
131,21,126,25,2024-06-01,Meeting,Completed,60
132,20,127,,2025-12-18,Follow-up,Completed,20
133,3,128,,2024-10-01,Follow-up,Completed,15
134,8,129,,2025-06-02,Call,Completed,20
135,8,129,,2025-06-18,Follow-up,Completed,30
136,8,129,,2025-06-07,Meeting,Completed,45
137,3,130,26,2024-02-04,Call,Completed,30
138,3,130,26,2024-01-31,Follow-up,Completed,10
139,1,131,,2025-11-12,Call,Completed,30
140,1,131,,2025-11-06,Follow-up,Completed,15
141,3,134,,2025-09-24,Call,Completed,30
142,3,134,,2025-09-22,Follow-up,Completed,20
143,3,134,,2025-09-16,Meeting,Completed,30
144,5,135,,2025-09-15,Call,Completed,15
145,5,135,,2025-09-05,Follow-up,Completed,20
146,11,137,27,2024-06-13,Follow-up,Completed,30
147,11,137,27,2024-06-28,Meeting,Completed,30
148,11,138,,2025-12-22,Call,Completed,30
149,11,138,,2025-12-21,Follow-up,Completed,30
150,11,138,,2026-01-02,Meeting,Completed,30
151,17,139,,2025-05-10,Call,Completed,20
152,17,139,,2025-05-09,Follow-up,Completed,15
153,19,141,,2024-04-24,Call,Completed,15
154,19,141,,2024-05-01,Follow-up,Completed,20
155,19,141,,2024-05-22,Meeting,Completed,30
156,11,143,,2025-09-29,Call,Completed,15
157,11,143,,2025-09-21,Follow-up,Completed,20
158,11,143,,2025-10-06,Meeting,Completed,30
159,12,146,,2025-07-19,Call,Completed,30
160,12,146,,2025-08-10,Follow-up,Completed,10
161,9,147,,2024-05-07,Follow-up,Completed,30
162,22,150,28,2024-10-29,Call,Completed,10
163,22,150,28,2024-11-06,Follow-up,Completed,30
164,22,150,28,2024-11-08,Meeting,Completed,30
165,23,151,,2024-02-09,Call,Completed,30
166,23,151,,2024-02-11,Follow-up,Completed,15
167,2,152,,2025-04-05,Call,Completed,20
168,2,152,,2025-04-02,Follow-up,Completed,10
169,13,153,,2025-08-14,Call,Completed,30
170,13,153,,2025-07-24,Follow-up,Completed,15
171,13,153,,2025-08-21,Meeting,Completed,30
172,13,155,29,2025-11-14,Call,Completed,10
173,13,155,29,2025-11-30,Follow-up,Completed,20
174,14,156,30,2025-10-06,Meeting,Completed,30
175,15,157,,2025-06-16,Call,Completed,15
176,12,158,,2024-12-24,Call,Completed,15
177,22,160,31,2024-02-02,Follow-up,Completed,20
178,22,160,31,2024-01-28,Meeting,Completed,45
179,21,161,,2024-04-20,Call,Completed,20
180,21,161,,2024-04-05,Follow-up,Completed,30
181,21,161,,2024-05-12,Meeting,Completed,60
182,17,163,,2024-11-15,Call,Completed,30
183,17,163,,2024-11-29,Follow-up,Completed,15
184,3,166,32,2024-05-24,Call,Completed,10
185,22,168,,2024-11-22,Call,Completed,20
186,22,168,,2024-12-01,Follow-up,Completed,20
187,11,169,,2024-08-01,Follow-up,Completed,15
188,11,169,,2024-07-27,Meeting,Completed,30
189,16,172,33,2025-06-07,Follow-up,Completed,15
190,8,174,,2024-04-01,Call,Completed,10
191,4,175,34,2025-03-18,Call,Completed,15
192,4,175,34,2025-03-04,Follow-up,Completed,20
193,4,175,34,2025-03-06,Meeting,Completed,30
194,23,176,,2025-01-03,Call,Completed,15
195,23,176,,2024-12-26,Meeting,Completed,60
196,19,178,,2024-07-09,Call,Completed,30
197,20,182,,2024-10-30,Call,Completed,20
198,20,182,,2024-11-18,Follow-up,Completed,20
199,19,183,,2025-11-15,Call,Completed,10
200,19,183,,2025-11-19,Follow-up,Completed,10
201,17,186,,2025-12-31,Follow-up,Completed,10
202,17,186,,2026-01-05,Meeting,Completed,30
203,19,188,,2025-07-19,Follow-up,Completed,10
204,19,188,,2025-08-05,Meeting,Completed,45
205,20,191,,2025-11-16,Follow-up,Completed,15
206,17,192,35,2024-06-19,Call,Completed,30
207,11,193,,2024-02-17,Call,Completed,30
208,11,193,,2024-02-29,Follow-up,Completed,30
209,11,193,,2024-02-20,Meeting,Completed,45
210,23,195,36,2024-04-11,Follow-up,Completed,10
211,23,195,36,2024-04-17,Meeting,Completed,30
212,10,199,,2025-06-06,Follow-up,Completed,10
213,17,200,,2025-10-26,Call,Completed,30
214,17,200,,2025-10-13,Follow-up,Completed,20
215,17,200,,2025-11-10,Meeting,Completed,60
216,15,201,,2025-06-22,Follow-up,Completed,15
217,15,201,,2025-06-21,Meeting,Completed,60
218,3,203,37,2024-10-18,Follow-up,Completed,20
219,3,203,37,2024-10-27,Meeting,Completed,60
220,14,204,,2024-01-29,Follow-up,Completed,20
221,20,205,,2025-08-20,Call,Completed,30
222,14,206,,2025-09-29,Call,Completed,20
223,13,207,,2024-05-19,Call,Completed,15
224,13,207,,2024-06-04,Follow-up,Completed,10
225,4,208,,2024-04-19,Call,Completed,20
226,16,209,,2025-02-10,Call,Completed,15
227,18,210,,2025-03-07,Call,Completed,15
228,18,210,,2025-03-05,Follow-up,Completed,30
229,18,210,,2025-03-10,Meeting,Completed,45
230,9,211,38,2025-07-14,Follow-up,Completed,30
231,9,211,38,2025-08-01,Meeting,Completed,60
232,6,212,,2025-11-09,Follow-up,Completed,15
233,8,213,,2025-11-08,Call,Completed,10
234,8,213,,2025-11-17,Meeting,Completed,60
235,18,214,,2025-09-01,Follow-up,Completed,10
236,15,217,,2025-02-05,Call,Completed,10
237,15,217,,2025-01-30,Follow-up,Completed,10
238,17,219,,2025-07-26,Call,Completed,20
239,17,219,,2025-08-01,Follow-up,Completed,15
240,7,220,,2025-09-03,Call,Completed,15
241,8,221,,2025-10-17,Call,Completed,30
242,8,221,,2025-10-20,Follow-up,Completed,10
243,20,222,,2024-12-13,Call,Completed,20
244,20,222,,2024-12-13,Follow-up,Completed,15
245,22,224,39,2024-07-16,Call,Completed,10
246,22,224,39,2024-07-17,Follow-up,Completed,20
247,22,224,39,2024-07-24,Meeting,Completed,30
248,21,226,,2025-11-11,Call,Completed,30
249,14,228,,2025-10-29,Call,Completed,20
250,14,228,,2025-10-28,Follow-up,Completed,30
251,14,228,,2025-10-28,Meeting,Completed,45
252,15,229,,2025-03-23,Call,Completed,10
253,15,229,,2025-03-12,Follow-up,Completed,10
254,18,230,,2024-03-17,Call,Completed,30
255,18,230,,2024-03-04,Follow-up,Completed,20
256,18,230,,2024-03-05,Meeting,Completed,30
257,18,233,,2024-07-10,Call,Completed,20
258,18,233,,2024-07-08,Follow-up,Completed,10
259,18,233,,2024-07-29,Meeting,Completed,45
260,1,234,,2024-01-02,Call,Completed,30
261,14,235,,2024-11-13,Call,Completed,30
262,14,235,,2024-11-01,Follow-up,Completed,30
263,9,236,,2024-04-12,Call,Completed,20
264,9,236,,2024-04-19,Follow-up,Completed,10
265,9,236,,2024-04-24,Meeting,Completed,30
266,2,238,,2025-07-25,Call,Completed,10
267,2,238,,2025-07-06,Follow-up,Completed,10
268,2,240,,2024-12-20,Follow-up,Completed,15
269,13,242,,2025-04-05,Follow-up,Completed,30
270,4,244,,2024-09-30,Follow-up,Completed,20
271,4,244,,2024-10-10,Meeting,Completed,60
272,20,246,40,2024-07-02,Meeting,Completed,60
273,17,247,,2025-12-17,Call,Completed,10
274,17,247,,2025-12-05,Follow-up,Completed,15
275,7,248,,2024-04-13,Call,Completed,20
276,7,248,,2024-05-04,Follow-up,Completed,10
277,7,248,,2024-05-05,Meeting,Completed,60
278,12,250,,2026-01-19,Meeting,Completed,60
279,17,251,41,2025-11-25,Call,Completed,30
280,17,251,41,2025-11-17,Follow-up,Completed,10
281,17,251,41,2025-11-25,Meeting,Completed,60
282,11,252,,2025-09-28,Follow-up,Completed,10
283,1,253,,2025-07-12,Call,Completed,20
284,1,253,,2025-07-11,Follow-up,Completed,20
285,5,255,,2024-06-03,Follow-up,Completed,15
286,11,256,,2025-05-30,Call,Completed,20
287,11,256,,2025-06-04,Follow-up,Completed,30
288,13,259,,2024-02-27,Call,Completed,30
289,8,260,42,2025-03-27,Call,Completed,10
290,8,260,42,2025-04-01,Follow-up,Completed,15
291,23,262,,2025-12-11,Call,Completed,20
292,23,262,,2025-12-06,Follow-up,Completed,10
293,23,262,,2025-11-30,Meeting,Completed,60
294,12,263,,2024-05-13,Call,Completed,10
295,18,264,,2024-04-11,Call,Completed,30
296,18,264,,2024-04-06,Follow-up,Completed,10
297,18,264,,2024-04-14,Meeting,Completed,45
298,22,267,,2024-05-28,Call,Completed,15
299,22,267,,2024-05-30,Follow-up,Completed,20
300,22,267,,2024-06-18,Meeting,Completed,30
301,17,269,,2024-05-24,Call,Completed,20
302,17,269,,2024-06-05,Follow-up,Completed,10
303,10,271,,2025-04-03,Call,Completed,15
304,10,271,,2025-04-18,Follow-up,Completed,20
305,8,272,,2025-09-30,Follow-up,Completed,30
306,6,273,43,2025-02-22,Follow-up,Completed,15
307,20,275,,2024-03-20,Call,Completed,10
308,20,275,,2024-03-15,Follow-up,Completed,15
309,15,276,,2024-02-16,Call,Completed,15
310,15,276,,2024-01-30,Follow-up,Completed,10
311,15,276,,2024-02-22,Meeting,Completed,60
312,13,278,,2025-07-22,Call,Completed,15
313,2,279,,2025-04-03,Call,Completed,15
314,9,280,,2024-01-29,Call,Completed,15
315,9,280,,2024-02-04,Follow-up,Completed,30
316,3,281,,2025-09-12,Follow-up,Completed,10
317,2,283,,2024-05-17,Call,Completed,15
318,3,284,,2024-11-18,Follow-up,Completed,15
319,16,287,,2025-12-25,Follow-up,Completed,20
320,19,288,,2025-05-30,Call,Completed,10
321,19,288,,2025-06-07,Follow-up,Completed,10
322,14,289,,2025-03-08,Call,Completed,10
323,14,289,,2025-03-16,Follow-up,Completed,20
324,2,292,,2025-11-24,Meeting,Completed,45
325,11,293,,2025-07-23,Call,Completed,20
326,20,294,,2025-02-11,Call,Completed,30
327,20,294,,2025-03-03,Follow-up,Completed,15
328,20,294,,2025-03-01,Meeting,Completed,30
329,16,297,,2025-06-25,Call,Completed,15
330,16,297,,2025-07-23,Meeting,Completed,30
331,7,300,,2024-12-03,Call,Completed,10
332,7,300,,2024-12-14,Follow-up,Completed,10
333,7,300,,2024-12-25,Meeting,Completed,60
334,23,301,,2024-11-02,Call,Completed,10
335,23,301,,2024-10-19,Follow-up,Completed,10
336,23,301,,2024-11-07,Meeting,Completed,60
337,21,302,,2026-01-06,Follow-up,Completed,30
338,21,302,,2025-12-26,Meeting,Completed,60
339,10,303,,2025-12-29,Call,Completed,20
340,22,304,,2024-12-08,Call,Completed,20
341,22,304,,2025-01-01,Follow-up,Completed,15
342,20,305,,2025-08-21,Call,Completed,30
343,20,305,,2025-08-25,Follow-up,Completed,15
344,13,306,,2024-03-19,Follow-up,Completed,15
345,3,307,,2026-01-11,Follow-up,Completed,10
346,13,308,44,2024-12-16,Follow-up,Completed,20
347,13,308,44,2025-01-02,Meeting,Completed,45
348,16,309,,2024-05-23,Follow-up,Completed,10
349,6,312,,2025-04-29,Call,Completed,30
350,6,312,,2025-05-07,Meeting,Completed,45
351,19,313,,2025-02-03,Follow-up,Completed,20
352,19,313,,2025-01-21,Meeting,Completed,60
353,8,314,,2025-05-27,Call,Completed,20
354,8,314,,2025-04-29,Follow-up,Completed,30
355,8,314,,2025-06-05,Meeting,Completed,60
356,12,315,,2024-11-18,Call,Completed,30
357,12,315,,2024-11-16,Follow-up,Completed,10
358,20,316,,2024-02-25,Call,Completed,20
359,20,316,,2024-02-01,Follow-up,Completed,15
360,8,320,45,2025-11-22,Follow-up,Completed,30
361,8,320,45,2025-11-30,Meeting,Completed,60
362,9,323,,2025-01-03,Call,Completed,15
363,22,326,,2025-04-04,Call,Completed,10
364,20,328,,2024-05-17,Call,Completed,15
365,20,328,,2024-05-28,Follow-up,Completed,10
366,9,331,,2024-10-02,Call,Completed,15
367,9,331,,2024-10-12,Follow-up,Completed,15
368,23,332,,2024-10-13,Follow-up,Completed,10
369,5,333,46,2026-01-10,Meeting,Completed,30
370,22,335,47,2024-07-21,Call,Completed,15
371,22,335,47,2024-07-15,Follow-up,Completed,15
372,22,335,47,2024-07-31,Meeting,Completed,60
373,14,338,,2024-07-04,Follow-up,Completed,15
374,14,338,,2024-07-18,Meeting,Completed,30
375,3,339,,2025-12-29,Follow-up,Completed,15
376,17,340,,2025-04-29,Call,Completed,30
377,17,340,,2025-04-09,Follow-up,Completed,20
378,21,342,48,2025-12-06,Call,Completed,10
379,21,342,48,2025-11-18,Follow-up,Completed,20
380,21,342,48,2025-11-29,Meeting,Completed,45
381,19,343,,2025-08-20,Call,Completed,15
382,3,344,,2025-05-02,Call,Completed,30
383,3,344,,2025-05-18,Follow-up,Completed,20
384,15,346,,2025-03-24,Call,Completed,15
385,15,346,,2025-03-22,Follow-up,Completed,15
386,15,346,,2025-04-03,Meeting,Completed,45
387,8,348,,2024-09-12,Follow-up,Completed,10
388,4,350,,2025-04-29,Call,Completed,10
389,4,350,,2025-04-30,Follow-up,Completed,20
390,4,350,,2025-05-04,Meeting,Completed,60
391,12,352,,2025-10-05,Call,Completed,20
392,12,352,,2025-10-12,Follow-up,Completed,15
393,24,353,,2024-03-09,Call,Completed,30
394,24,353,,2024-03-09,Follow-up,Completed,20
395,23,354,,2024-03-13,Call,Completed,30
396,17,356,,2025-12-15,Follow-up,Completed,20
397,17,356,,2025-12-25,Meeting,Completed,60
398,10,358,,2024-04-09,Call,Completed,10
399,10,358,,2024-04-10,Follow-up,Completed,15
400,10,358,,2024-04-13,Meeting,Completed,45
401,10,359,,2024-07-23,Call,Completed,30
402,10,359,,2024-08-02,Follow-up,Completed,20
403,9,364,,2024-08-08,Call,Completed,10
404,9,364,,2024-08-04,Meeting,Completed,60
405,13,365,50,2025-01-30,Follow-up,Completed,30
406,13,365,50,2025-02-21,Meeting,Completed,60
407,21,366,51,2025-05-07,Call,Completed,30
408,21,366,51,2025-05-21,Meeting,Completed,60
409,12,367,,2025-05-19,Call,Completed,15
410,15,369,52,2024-04-08,Call,Completed,20
411,15,369,52,2024-03-29,Follow-up,Completed,10
412,23,370,,2025-05-18,Follow-up,Completed,15
413,23,370,,2025-05-17,Meeting,Completed,30
414,3,372,,2024-12-19,Call,Completed,30
415,3,372,,2024-12-29,Follow-up,Completed,30
416,3,372,,2024-12-20,Meeting,Completed,45
417,19,375,,2024-05-04,Follow-up,Completed,30
418,16,377,,2025-11-22,Call,Completed,30
419,16,377,,2025-12-04,Follow-up,Completed,15
420,16,377,,2025-11-23,Meeting,Completed,30
421,6,378,53,2025-02-11,Call,Completed,30
422,6,378,53,2025-02-17,Follow-up,Completed,30
423,6,378,53,2025-02-16,Meeting,Completed,60
424,12,379,54,2024-10-22,Follow-up,Completed,30
425,12,379,54,2024-11-11,Meeting,Completed,45
426,14,382,55,2025-08-12,Call,Completed,30
427,14,382,55,2025-08-30,Follow-up,Completed,10
428,16,387,,2024-04-26,Call,Completed,15
429,16,387,,2024-04-26,Meeting,Completed,30
430,15,388,,2025-03-08,Call,Completed,30
431,15,388,,2025-03-03,Follow-up,Completed,15
432,15,388,,2025-03-24,Meeting,Completed,45
433,8,390,,2024-09-24,Call,Completed,30
434,8,390,,2024-10-16,Follow-up,Completed,30
435,3,391,,2024-09-27,Call,Completed,30
436,24,394,56,2025-08-04,Call,Completed,15
437,24,394,56,2025-07-21,Follow-up,Completed,20
438,24,394,56,2025-07-29,Meeting,Completed,30
439,20,395,,2025-03-29,Call,Completed,30
440,20,395,,2025-04-05,Meeting,Completed,60
441,3,400,,2024-02-03,Call,Completed,30
442,23,402,,2024-03-06,Follow-up,Completed,15
443,23,402,,2024-03-22,Meeting,Completed,45
444,5,403,57,2024-04-28,Call,Completed,20
445,20,406,,2025-11-28,Call,Completed,15
446,20,406,,2025-11-06,Follow-up,Completed,20
447,24,407,58,2024-04-10,Follow-up,Completed,15
448,24,407,58,2024-04-03,Meeting,Completed,45
449,16,408,,2025-11-09,Follow-up,Completed,10
450,16,408,,2025-11-13,Meeting,Completed,60
451,13,410,,2024-03-11,Follow-up,Completed,20
452,13,410,,2024-03-20,Meeting,Completed,45
453,17,412,59,2024-02-12,Follow-up,Completed,30
454,17,412,59,2024-02-14,Meeting,Completed,60
455,4,414,,2025-08-13,Call,Completed,30
456,4,414,,2025-08-29,Meeting,Completed,45
457,4,415,,2024-08-11,Call,Completed,15
458,4,415,,2024-08-06,Follow-up,Completed,30
459,4,415,,2024-08-20,Meeting,Completed,30
460,14,416,,2024-08-22,Call,Completed,30
461,14,416,,2024-08-22,Follow-up,Completed,10
462,14,416,,2024-09-23,Meeting,Completed,45
463,14,417,,2024-03-26,Call,Completed,20
464,14,417,,2024-04-01,Follow-up,Completed,20
465,15,419,,2025-11-15,Follow-up,Completed,15
466,10,421,,2024-08-14,Follow-up,Completed,20
467,10,426,,2025-11-21,Call,Completed,10
468,10,426,,2025-12-02,Follow-up,Completed,15
469,15,427,,2024-04-17,Call,Completed,30
470,15,427,,2024-05-02,Follow-up,Completed,30
471,7,431,,2025-04-25,Follow-up,Completed,10
472,10,432,,2024-02-16,Call,Completed,15
473,10,432,,2024-03-03,Meeting,Completed,45
474,24,433,60,2025-06-13,Call,Completed,20
475,24,433,60,2025-06-12,Meeting,Completed,30
476,9,434,,2024-08-11,Follow-up,Completed,10
477,11,435,,2025-04-02,Follow-up,Completed,15
478,11,435,,2025-04-07,Meeting,Completed,30
479,22,436,,2024-07-05,Call,Completed,10
480,22,436,,2024-07-06,Follow-up,Completed,20
481,4,437,,2024-03-11,Call,Completed,30
482,15,438,,2025-07-28,Follow-up,Completed,15
483,15,438,,2025-08-08,Meeting,Completed,45
484,17,444,,2024-11-07,Call,Completed,10
485,14,445,,2024-08-28,Follow-up,Completed,30
486,11,446,,2025-01-05,Call,Completed,10
487,11,446,,2024-12-16,Follow-up,Completed,10
488,21,448,,2025-11-17,Follow-up,Completed,20
489,21,448,,2025-11-17,Meeting,Completed,30
490,15,449,,2024-01-20,Call,Completed,15
491,15,449,,2024-01-26,Follow-up,Completed,20
492,15,449,,2024-02-05,Meeting,Completed,60
493,19,451,,2025-05-30,Call,Completed,15
494,19,451,,2025-07-06,Meeting,Completed,30
495,18,453,,2025-10-19,Call,Completed,20
496,18,453,,2025-10-05,Follow-up,Completed,20
497,18,453,,2025-10-26,Meeting,Completed,45
498,2,454,,2024-08-24,Call,Completed,20
499,2,454,,2024-09-05,Follow-up,Completed,10
500,10,456,61,2024-03-21,Follow-up,Completed,15
501,16,457,,2025-10-18,Call,Completed,20
502,16,457,,2025-10-26,Follow-up,Completed,15
503,16,457,,2025-10-11,Meeting,Completed,60
504,18,459,,2024-03-12,Call,Completed,30
505,18,459,,2024-03-07,Follow-up,Completed,20
506,21,461,62,2024-08-29,Call,Completed,15
507,21,461,62,2024-09-06,Meeting,Completed,30
508,19,462,63,2025-11-26,Follow-up,Completed,20
509,19,462,63,2025-11-10,Meeting,Completed,30
510,13,463,,2024-02-13,Call,Completed,10
511,12,464,,2024-03-10,Meeting,Completed,30
512,16,467,,2025-11-24,Call,Completed,15
513,16,467,,2025-11-17,Follow-up,Completed,30
514,11,468,,2024-04-02,Follow-up,Completed,15
515,11,468,,2024-04-09,Meeting,Completed,45
516,12,469,,2025-01-08,Call,Completed,10
517,12,469,,2025-01-07,Meeting,Completed,60
518,3,471,64,2025-07-19,Call,Completed,15
519,3,471,64,2025-07-24,Follow-up,Completed,30
520,3,471,64,2025-07-27,Meeting,Completed,30
521,23,472,,2025-11-20,Call,Completed,15
522,23,472,,2025-11-16,Follow-up,Completed,30
523,23,472,,2025-12-08,Meeting,Completed,60
524,3,474,,2024-10-31,Call,Completed,30
525,3,474,,2024-11-16,Follow-up,Completed,15
526,20,475,,2025-04-10,Call,Completed,10
527,20,475,,2025-04-15,Follow-up,Completed,15
528,7,479,,2025-06-09,Call,Completed,30
529,7,479,,2025-06-11,Follow-up,Completed,10
530,24,480,,2025-05-17,Call,Completed,20
531,24,480,,2025-05-07,Meeting,Completed,60
532,22,482,65,2024-11-02,Call,Completed,10
533,22,482,65,2024-10-16,Follow-up,Completed,30
534,22,482,65,2024-10-19,Meeting,Completed,30
535,18,484,,2025-08-18,Call,Completed,15
536,18,484,,2025-08-26,Follow-up,Completed,20
537,16,485,,2024-03-29,Call,Completed,10
538,16,485,,2024-03-30,Follow-up,Completed,10
539,16,485,,2024-04-09,Meeting,Completed,30
540,5,486,,2025-02-02,Call,Completed,20
541,5,486,,2025-01-29,Follow-up,Completed,10
542,5,486,,2025-02-06,Meeting,Completed,60
543,20,489,,2025-01-30,Follow-up,Completed,15
544,20,489,,2025-02-16,Meeting,Completed,60
545,24,491,66,2024-08-18,Call,Completed,30
546,24,491,66,2024-08-02,Follow-up,Completed,30
547,24,491,66,2024-08-21,Meeting,Completed,45
548,24,492,,2024-12-30,Call,Completed,15
549,24,492,,2025-01-21,Follow-up,Completed,20
550,22,493,,2025-11-13,Call,Completed,15
551,22,493,,2025-11-16,Follow-up,Completed,10
552,6,495,,2025-04-11,Call,Completed,10
553,6,495,,2025-04-01,Follow-up,Completed,20
554,24,496,67,2025-02-28,Call,Completed,30
555,24,496,67,2025-03-07,Follow-up,Completed,30
556,24,496,67,2025-03-04,Meeting,Completed,30
557,24,497,68,2024-06-07,Call,Completed,30
558,24,497,68,2024-05-23,Follow-up,Completed,20
559,24,497,68,2024-06-13,Meeting,Completed,30
560,22,498,69,2025-09-16,Call,Completed,30
561,22,498,69,2025-09-13,Follow-up,Completed,20
562,22,498,69,2025-09-24,Meeting,Completed,60
563,18,501,,2025-03-07,Follow-up,Completed,15
564,23,503,70,2024-11-28,Follow-up,Completed,10
565,23,503,70,2024-12-09,Meeting,Completed,30
566,1,505,71,2025-08-19,Call,Completed,10
567,1,505,71,2025-07-26,Follow-up,Completed,20
568,1,505,71,2025-08-23,Meeting,Completed,30
569,22,506,72,2024-02-24,Call,Completed,15
570,22,506,72,2024-03-11,Meeting,Completed,45
571,22,508,,2025-06-29,Call,Completed,15
572,22,508,,2025-07-03,Follow-up,Completed,30
573,14,510,,2026-01-16,Follow-up,Completed,15
574,14,510,,2026-01-13,Meeting,Completed,45
575,3,511,,2025-11-04,Call,Completed,20
576,3,511,,2025-10-27,Follow-up,Completed,10
577,22,513,,2025-07-11,Call,Completed,15
578,22,514,73,2025-09-17,Follow-up,Completed,30
579,22,514,73,2025-10-04,Meeting,Completed,45
580,12,515,,2024-05-03,Call,Completed,30
581,12,515,,2024-05-06,Follow-up,Completed,15
582,10,517,,2025-01-13,Call,Completed,20
583,10,517,,2025-01-25,Meeting,Completed,30
584,5,518,74,2025-02-24,Call,Completed,30
585,2,519,,2025-02-10,Call,Completed,30
586,2,519,,2025-02-03,Follow-up,Completed,10
587,2,519,,2025-02-10,Meeting,Completed,45
588,11,520,,2024-03-09,Call,Completed,10
589,11,520,,2024-02-27,Follow-up,Completed,30
590,11,520,,2024-03-09,Meeting,Completed,30
591,22,521,75,2025-08-09,Call,Completed,20
592,22,521,75,2025-08-01,Follow-up,Completed,10
593,18,522,,2026-01-21,Follow-up,Completed,10
594,16,523,,2025-03-10,Call,Completed,20
595,16,523,,2025-03-24,Follow-up,Completed,10
596,20,526,,2024-10-22,Follow-up,Completed,20
597,20,526,,2024-11-04,Meeting,Completed,45
598,4,527,,2024-07-20,Call,Completed,10
599,4,527,,2024-07-02,Follow-up,Completed,15
600,4,527,,2024-07-03,Meeting,Completed,60
601,12,528,,2024-12-27,Call,Completed,20
602,12,528,,2024-11-30,Follow-up,Completed,10
603,24,530,,2025-12-16,Call,Completed,20
604,24,530,,2025-12-26,Follow-up,Completed,30
605,24,530,,2026-01-01,Meeting,Completed,60
606,5,531,76,2025-05-06,Follow-up,Completed,20
607,5,531,76,2025-05-18,Meeting,Completed,45
608,11,534,,2025-05-23,Call,Completed,20
609,11,534,,2025-06-03,Follow-up,Completed,30
610,11,534,,2025-05-24,Meeting,Completed,30
611,22,536,,2024-05-15,Follow-up,Completed,20
612,2,537,,2025-10-01,Follow-up,Completed,20
613,2,537,,2025-09-29,Meeting,Completed,45
614,5,539,,2025-11-26,Call,Completed,20
615,5,539,,2025-11-13,Follow-up,Completed,15
616,5,539,,2025-12-07,Meeting,Completed,45
617,21,541,,2024-09-11,Call,Completed,30
618,21,541,,2024-10-03,Follow-up,Completed,15
619,7,542,77,2024-02-05,Meeting,Completed,30
620,13,543,,2025-10-06,Follow-up,Completed,30
621,12,544,78,2025-11-11,Call,Completed,10
622,12,544,78,2025-11-13,Follow-up,Completed,10
623,22,546,,2024-04-28,Follow-up,Completed,30
624,2,547,,2024-11-16,Call,Completed,15
625,10,550,,2025-01-10,Follow-up,Completed,10
626,21,551,,2025-06-22,Meeting,Completed,45
627,6,552,79,2024-03-19,Call,Completed,30
628,6,552,79,2024-03-15,Follow-up,Completed,10
629,22,553,,2025-08-20,Call,Completed,30
630,22,553,,2025-09-05,Meeting,Completed,45
631,7,555,80,2024-08-02,Call,Completed,10
632,7,555,80,2024-07-23,Follow-up,Completed,10
633,7,555,80,2024-08-01,Meeting,Completed,60
634,12,556,,2025-04-28,Call,Completed,20
635,12,556,,2025-05-12,Follow-up,Completed,20
636,14,557,,2025-12-16,Call,Completed,20
637,20,558,,2024-12-12,Follow-up,Completed,30
638,19,559,,2025-03-29,Call,Completed,15
639,19,559,,2025-04-10,Follow-up,Completed,15
640,19,559,,2025-04-15,Meeting,Completed,60
641,3,561,,2024-02-09,Follow-up,Completed,10
642,22,563,,2024-02-26,Call,Completed,10
643,22,563,,2024-03-13,Follow-up,Completed,10
644,9,564,,2024-07-19,Follow-up,Completed,10
645,9,564,,2024-07-28,Meeting,Completed,45
646,15,565,81,2024-06-24,Call,Completed,20
647,15,565,81,2024-07-03,Follow-up,Completed,10
648,15,565,81,2024-07-13,Meeting,Completed,30
649,22,566,,2024-03-19,Call,Completed,30
650,22,566,,2024-03-26,Follow-up,Completed,30
651,22,566,,2024-04-14,Meeting,Completed,30
652,13,567,,2024-09-26,Call,Completed,30
653,13,567,,2024-09-17,Follow-up,Completed,10
654,13,567,,2024-09-11,Meeting,Completed,30
655,14,568,,2024-11-06,Follow-up,Completed,30
656,4,570,,2024-02-22,Call,Completed,30
657,4,570,,2024-02-02,Follow-up,Completed,15
658,2,572,82,2024-04-28,Call,Completed,30
659,2,572,82,2024-05-04,Follow-up,Completed,15
660,19,573,83,2025-10-26,Call,Completed,30
661,19,573,83,2025-11-09,Follow-up,Completed,20
662,19,573,83,2025-11-18,Meeting,Completed,30
663,16,574,,2025-06-17,Call,Completed,10
664,16,574,,2025-06-23,Follow-up,Completed,10
665,24,576,,2026-01-02,Call,Completed,10
666,24,576,,2025-12-26,Follow-up,Completed,30
667,8,577,84,2024-06-24,Call,Completed,15
668,21,579,,2025-12-07,Follow-up,Completed,30
669,10,580,85,2024-08-09,Call,Completed,20
670,10,580,85,2024-07-15,Follow-up,Completed,30
671,19,581,86,2024-06-21,Call,Completed,30
672,19,581,86,2024-06-04,Follow-up,Completed,30
673,19,581,86,2024-06-21,Meeting,Completed,45
674,4,584,,2025-07-02,Follow-up,Completed,15
675,5,586,,2025-10-20,Call,Completed,30
676,5,586,,2025-10-23,Follow-up,Completed,10
677,9,587,,2025-02-05,Call,Completed,20
678,9,587,,2025-02-23,Follow-up,Completed,30
679,17,591,87,2025-02-28,Follow-up,Completed,20
680,24,592,88,2025-02-09,Follow-up,Completed,10
681,5,594,,2024-03-13,Call,Completed,10
682,5,594,,2024-03-11,Follow-up,Completed,20
683,5,594,,2024-03-31,Meeting,Completed,45
684,17,596,89,2025-09-19,Follow-up,Completed,20
685,17,596,89,2025-10-06,Meeting,Completed,45
686,16,597,90,2024-06-07,Call,Completed,15
687,16,597,90,2024-05-14,Follow-up,Completed,10
688,12,598,91,2024-08-31,Follow-up,Completed,10
689,12,598,91,2024-09-10,Meeting,Completed,60
690,13,600,,2025-12-14,Call,Completed,20
691,13,600,,2025-12-08,Follow-up,Completed,30
692,5,601,,2024-02-03,Call,Completed,20
693,5,601,,2024-01-29,Follow-up,Completed,10
694,9,602,,2025-12-03,Call,Completed,20
695,9,602,,2025-11-10,Meeting,Completed,45
696,12,603,,2025-05-17,Call,Completed,10
697,12,603,,2025-05-15,Follow-up,Completed,20
698,12,603,,2025-06-03,Meeting,Completed,30
699,22,607,92,2025-01-04,Call,Completed,15
700,22,607,92,2025-01-08,Follow-up,Completed,30
701,22,607,92,2025-01-14,Meeting,Completed,45
702,21,608,93,2025-08-01,Call,Completed,30
703,21,608,93,2025-07-22,Follow-up,Completed,20
704,1,610,,2024-07-15,Meeting,Completed,30
705,8,612,,2026-01-23,Call,Completed,10
706,8,612,,2026-01-29,Follow-up,Completed,20
707,15,613,94,2025-04-20,Follow-up,Completed,10
708,11,614,,2024-05-11,Call,Completed,20
709,9,615,,2024-06-22,Call,Completed,15
710,9,615,,2024-06-20,Follow-up,Completed,10
711,9,615,,2024-06-07,Meeting,Completed,60
712,9,618,95,2025-11-24,Call,Completed,30
713,9,618,95,2025-12-02,Follow-up,Completed,10
714,8,619,,2025-12-11,Call,Completed,10
715,14,620,,2024-03-30,Call,Completed,15
716,14,620,,2024-03-25,Follow-up,Completed,15
717,22,621,,2025-06-09,Call,Completed,20
718,22,621,,2025-05-26,Follow-up,Completed,20
719,22,621,,2025-06-11,Meeting,Completed,30
720,22,622,96,2024-04-27,Call,Completed,20
721,22,622,96,2024-05-03,Follow-up,Completed,30
722,22,622,96,2024-05-29,Meeting,Completed,45
723,10,623,,2024-11-17,Follow-up,Completed,15
724,3,624,,2024-04-18,Follow-up,Completed,15
725,17,626,97,2024-02-07,Call,Completed,20
726,17,626,97,2024-02-23,Follow-up,Completed,15
727,17,626,97,2024-02-27,Meeting,Completed,60
728,3,627,,2025-01-20,Follow-up,Completed,30
729,22,629,,2024-08-21,Call,Completed,30
730,22,629,,2024-08-20,Follow-up,Completed,20
731,22,630,,2025-05-04,Call,Completed,15
732,22,630,,2025-04-30,Follow-up,Completed,20
733,22,630,,2025-05-07,Meeting,Completed,30
734,14,631,,2025-11-23,Follow-up,Completed,20
735,5,633,,2025-03-29,Call,Completed,10
736,24,634,,2025-04-02,Meeting,Completed,60
737,10,635,,2024-12-23,Call,Completed,30
738,10,635,,2024-12-25,Follow-up,Completed,20
739,10,635,,2024-12-15,Meeting,Completed,60
740,24,637,,2025-11-17,Call,Completed,15
741,24,637,,2025-10-31,Follow-up,Completed,15
742,4,638,,2024-03-26,Call,Completed,15
743,4,638,,2024-03-22,Follow-up,Completed,10
744,11,639,,2026-01-23,Follow-up,Completed,10
745,20,641,,2024-08-02,Call,Completed,30
746,20,641,,2024-08-14,Follow-up,Completed,10
747,20,641,,2024-08-12,Meeting,Completed,30
748,6,642,,2024-04-13,Call,Completed,10
749,21,643,,2024-07-20,Call,Completed,20
750,21,643,,2024-07-25,Follow-up,Completed,30
751,9,644,,2024-08-04,Call,Completed,30
752,19,645,,2025-02-08,Call,Completed,15
753,19,645,,2025-02-15,Follow-up,Completed,20
754,19,645,,2025-02-18,Meeting,Completed,45
755,19,647,,2024-12-24,Call,Completed,10
756,19,647,,2024-12-12,Follow-up,Completed,20
757,19,647,,2024-12-07,Meeting,Completed,30
758,6,648,,2025-05-12,Call,Completed,30
759,8,650,98,2025-07-03,Call,Completed,20
760,24,651,,2024-09-25,Call,Completed,30
761,24,651,,2024-10-07,Follow-up,Completed,30
762,8,652,,2024-04-30,Call,Completed,30
763,8,652,,2024-04-26,Follow-up,Completed,10
764,8,652,,2024-05-17,Meeting,Completed,30
765,6,653,,2024-09-02,Follow-up,Completed,30
766,6,653,,2024-09-24,Meeting,Completed,45
767,13,654,99,2025-11-06,Call,Completed,30
768,13,654,99,2025-11-27,Follow-up,Completed,10
769,13,654,99,2025-11-12,Meeting,Completed,45
770,14,655,,2024-03-08,Call,Completed,30
771,14,655,,2024-03-24,Follow-up,Completed,20
772,14,655,,2024-03-25,Meeting,Completed,45
773,22,656,,2024-04-08,Meeting,Completed,45
774,16,657,,2025-04-26,Call,Completed,10
775,16,657,,2025-04-22,Follow-up,Completed,20
776,15,658,100,2024-12-02,Call,Completed,15
777,24,659,101,2026-01-10,Follow-up,Completed,20
778,24,659,101,2026-01-30,Meeting,Completed,30
779,12,660,,2024-04-10,Follow-up,Completed,10
780,6,661,,2025-10-17,Call,Completed,15
781,6,661,,2025-10-19,Follow-up,Completed,15
782,6,661,,2025-10-19,Meeting,Completed,30
783,4,662,,2025-08-14,Call,Completed,30
784,12,663,,2025-10-15,Call,Completed,30
785,12,663,,2025-10-22,Follow-up,Completed,20
786,6,664,,2024-07-21,Follow-up,Completed,30
787,1,665,,2025-09-26,Call,Completed,20
788,1,665,,2025-10-01,Follow-up,Completed,30
789,3,668,102,2024-02-05,Follow-up,Completed,20
790,24,671,,2024-08-13,Call,Completed,10
791,24,671,,2024-08-29,Meeting,Completed,60
792,24,672,103,2024-07-15,Call,Completed,10
793,6,673,,2025-05-17,Call,Completed,30
794,6,673,,2025-05-18,Follow-up,Completed,30
795,18,674,,2024-07-28,Follow-up,Completed,20
796,5,675,,2024-12-03,Call,Completed,20
797,10,677,104,2025-01-28,Call,Completed,10
798,10,677,104,2025-02-11,Meeting,Completed,45
799,13,678,,2024-03-06,Call,Completed,10
800,13,678,,2024-03-26,Follow-up,Completed,30
801,10,679,,2025-08-27,Call,Completed,20
802,10,679,,2025-08-15,Follow-up,Completed,10
803,11,681,105,2025-04-28,Call,Completed,30
804,11,681,105,2025-05-20,Follow-up,Completed,30
805,23,685,,2025-08-31,Call,Completed,10
806,15,689,,2025-04-13,Call,Completed,10
807,15,689,,2025-04-01,Follow-up,Completed,10
808,24,690,106,2024-12-05,Call,Completed,10
809,24,690,106,2024-12-16,Follow-up,Completed,30
810,24,690,106,2024-12-09,Meeting,Completed,45
811,7,692,,2024-11-10,Call,Completed,30
812,7,692,,2024-12-07,Follow-up,Completed,15
813,20,693,107,2025-07-07,Call,Completed,30
814,24,695,,2025-11-25,Call,Completed,20
815,12,696,,2025-12-04,Follow-up,Completed,15
816,5,697,,2025-10-27,Call,Completed,30
817,19,698,,2025-03-16,Call,Completed,20
818,19,698,,2025-03-20,Follow-up,Completed,15
819,19,698,,2025-03-24,Meeting,Completed,60
820,22,699,,2024-12-20,Call,Completed,15
821,17,701,,2024-07-06,Follow-up,Completed,15
822,18,703,,2025-01-28,Call,Completed,15
823,18,703,,2025-02-03,Follow-up,Completed,15
824,23,704,,2024-06-17,Call,Completed,20
825,23,704,,2024-06-21,Follow-up,Completed,30
826,18,706,,2025-12-10,Call,Completed,30
827,18,706,,2025-12-01,Follow-up,Completed,15
828,8,708,,2025-01-17,Call,Completed,15
829,8,708,,2024-12-29,Follow-up,Completed,20
830,21,709,,2024-05-27,Call,Completed,10
831,21,709,,2024-05-20,Follow-up,Completed,30
832,21,709,,2024-05-29,Meeting,Completed,45
833,13,710,,2024-09-21,Call,Completed,20
834,13,710,,2024-10-16,Follow-up,Completed,30
835,2,711,,2025-10-26,Call,Completed,30
836,2,711,,2025-10-24,Follow-up,Completed,20
837,23,712,,2025-06-01,Follow-up,Completed,30
838,13,713,,2024-03-03,Follow-up,Completed,30
839,12,718,,2025-12-23,Follow-up,Completed,20
840,18,721,,2024-09-11,Call,Completed,15
841,18,721,,2024-09-19,Meeting,Completed,45
842,10,723,,2025-06-09,Call,Completed,10
843,10,723,,2025-06-22,Follow-up,Completed,30
844,19,725,,2024-04-02,Follow-up,Completed,15
845,19,725,,2024-04-15,Meeting,Completed,45
846,5,726,,2024-01-31,Call,Completed,15
847,5,726,,2024-02-10,Follow-up,Completed,30
848,24,727,,2024-10-24,Call,Completed,15
849,24,727,,2024-10-06,Follow-up,Completed,10
850,11,728,108,2026-01-16,Call,Completed,15
851,1,729,,2025-08-08,Call,Completed,10
852,1,729,,2025-08-27,Meeting,Completed,60
853,22,731,,2025-05-06,Call,Completed,30
854,22,731,,2025-04-25,Follow-up,Completed,20
855,20,733,,2024-03-31,Call,Completed,15
856,24,734,109,2024-05-30,Call,Completed,20
857,24,734,109,2024-05-12,Follow-up,Completed,20
858,24,734,109,2024-06-05,Meeting,Completed,45
859,6,735,,2025-09-16,Call,Completed,20
860,12,737,,2024-05-26,Call,Completed,30
861,19,739,,2025-08-18,Call,Completed,20
862,19,739,,2025-09-03,Meeting,Completed,45
863,16,740,,2024-05-03,Follow-up,Completed,10
864,16,740,,2024-05-10,Meeting,Completed,45
865,19,741,110,2025-07-27,Call,Completed,10
866,8,744,,2025-10-27,Call,Completed,20
867,8,744,,2025-10-27,Follow-up,Completed,20
868,14,745,,2025-03-19,Call,Completed,10
869,14,745,,2025-03-12,Follow-up,Completed,10
870,16,747,,2024-03-19,Call,Completed,20
871,16,747,,2024-03-28,Follow-up,Completed,20
872,16,747,,2024-03-29,Meeting,Completed,45
873,16,749,,2025-05-25,Follow-up,Completed,20
874,16,749,,2025-05-15,Meeting,Completed,45
875,22,750,111,2025-06-27,Call,Completed,20
876,22,750,111,2025-06-13,Meeting,Completed,60
877,12,751,112,2024-02-28,Call,Completed,10
878,12,752,,2025-05-02,Call,Completed,15
879,12,752,,2025-05-07,Follow-up,Completed,30
880,20,753,,2025-03-04,Call,Completed,30
881,20,753,,2025-03-05,Follow-up,Completed,30
882,20,753,,2025-03-18,Meeting,Completed,45
883,19,754,,2024-07-02,Call,Completed,15
884,19,754,,2024-07-08,Meeting,Completed,60
885,2,755,113,2025-11-28,Follow-up,Completed,15
886,2,755,113,2025-12-03,Meeting,Completed,45
887,14,756,,2024-06-15,Call,Completed,15
888,14,756,,2024-06-30,Meeting,Completed,30
889,13,757,,2025-06-01,Call,Completed,10
890,3,758,114,2025-02-03,Follow-up,Completed,20
891,3,758,114,2025-01-26,Meeting,Completed,45
892,9,759,,2025-12-26,Call,Completed,20
893,9,759,,2025-12-30,Follow-up,Completed,20
894,9,759,,2026-01-12,Meeting,Completed,60
895,4,761,115,2024-09-06,Call,Completed,20
896,22,762,116,2025-09-28,Call,Completed,20
897,22,762,116,2025-10-03,Meeting,Completed,30
898,5,764,117,2024-10-24,Call,Completed,30
899,5,764,117,2024-11-01,Follow-up,Completed,15
900,5,764,117,2024-10-25,Meeting,Completed,45
901,11,765,118,2026-01-04,Follow-up,Completed,30
902,8,767,,2024-08-27,Call,Completed,30
903,10,771,,2024-02-08,Follow-up,Completed,15
904,9,772,,2025-04-22,Call,Completed,10
905,9,772,,2025-05-09,Follow-up,Completed,20
906,21,774,,2024-12-16,Call,Completed,10
907,21,774,,2024-12-14,Meeting,Completed,45
908,5,775,,2024-06-07,Call,Completed,30
909,5,775,,2024-06-07,Follow-up,Completed,30
910,5,775,,2024-06-21,Meeting,Completed,60
911,13,776,,2026-01-11,Call,Completed,20
912,13,776,,2025-12-14,Follow-up,Completed,10
913,23,777,,2024-08-31,Call,Completed,30
914,23,777,,2024-09-12,Follow-up,Completed,20
915,23,777,,2024-09-18,Meeting,Completed,60
916,19,778,119,2024-02-11,Follow-up,Completed,10
917,1,779,,2025-10-14,Meeting,Completed,30
918,24,780,120,2025-02-15,Call,Completed,15
919,24,780,120,2025-02-06,Follow-up,Completed,10
920,6,784,,2024-03-11,Call,Completed,15
921,7,785,,2025-12-27,Call,Completed,10
922,7,785,,2025-12-19,Follow-up,Completed,15
923,23,786,,2025-01-04,Call,Completed,30
924,23,786,,2024-12-20,Follow-up,Completed,30
925,1,790,,2024-11-10,Follow-up,Completed,30
926,1,790,,2024-11-22,Meeting,Completed,45
927,7,791,,2024-11-09,Call,Completed,30
928,7,791,,2024-11-08,Follow-up,Completed,20
929,18,792,,2024-04-28,Meeting,Completed,60
930,20,794,,2025-05-17,Call,Completed,15
931,20,794,,2025-05-17,Follow-up,Completed,10
932,6,795,,2025-04-23,Call,Completed,30
933,6,795,,2025-05-04,Follow-up,Completed,20
934,11,796,,2025-04-06,Call,Completed,15
935,11,796,,2025-03-30,Meeting,Completed,30
936,19,797,,2025-06-09,Call,Completed,10
937,19,797,,2025-06-01,Follow-up,Completed,30
938,19,797,,2025-06-10,Meeting,Completed,60
939,4,798,,2025-03-26,Call,Completed,20
940,4,798,,2025-03-21,Follow-up,Completed,15
941,1,799,121,2024-07-10,Call,Completed,15
942,1,799,121,2024-06-18,Follow-up,Completed,10
943,1,799,121,2024-07-04,Meeting,Completed,45
944,8,802,122,2025-10-04,Call,Completed,15
945,8,802,122,2025-09-25,Meeting,Completed,45
946,19,803,123,2024-06-10,Call,Completed,20
947,21,806,124,2025-05-24,Meeting,Completed,45
948,13,807,125,2024-08-12,Call,Completed,10
949,13,807,125,2024-08-24,Follow-up,Completed,30
950,13,807,125,2024-09-02,Meeting,Completed,60
951,8,808,126,2025-02-18,Call,Completed,10
952,8,808,126,2025-02-04,Follow-up,Completed,20
953,8,808,126,2025-02-22,Meeting,Completed,45
954,5,810,,2024-01-18,Call,Completed,30
955,10,813,128,2024-05-23,Follow-up,Completed,15
956,10,813,128,2024-05-24,Meeting,Completed,60
957,22,814,,2025-06-05,Call,Completed,20
958,22,814,,2025-06-07,Follow-up,Completed,20
959,20,816,,2024-10-12,Meeting,Completed,45
960,4,817,,2024-06-29,Call,Completed,15
961,8,819,,2024-06-28,Follow-up,Completed,30
962,13,821,129,2025-09-13,Call,Completed,30
963,13,821,129,2025-09-11,Meeting,Completed,60
964,16,822,,2024-05-05,Call,Completed,20
965,16,822,,2024-05-15,Follow-up,Completed,10
966,16,822,,2024-05-14,Meeting,Completed,60
967,11,823,,2025-11-24,Call,Completed,30
968,11,823,,2025-12-05,Meeting,Completed,60
969,11,826,,2025-12-27,Call,Completed,20
970,11,826,,2025-12-30,Meeting,Completed,60
971,13,827,,2024-08-06,Call,Completed,30
972,11,828,,2026-01-20,Call,Completed,15
973,11,828,,2026-02-03,Meeting,Completed,45
974,8,829,,2025-07-04,Call,Completed,10
975,8,829,,2025-07-02,Follow-up,Completed,20
976,11,830,,2024-01-25,Call,Completed,20
977,11,830,,2024-02-01,Follow-up,Completed,15
978,15,832,,2024-03-01,Call,Completed,15
979,9,834,130,2025-02-11,Call,Completed,20
980,9,834,130,2025-03-09,Follow-up,Completed,30
981,9,834,130,2025-03-13,Meeting,Completed,45
982,18,835,,2026-01-03,Follow-up,Completed,20
983,11,836,,2024-05-26,Call,Completed,20
984,12,837,,2024-07-02,Follow-up,Completed,15
985,12,837,,2024-07-16,Meeting,Completed,60
986,13,839,,2025-04-12,Call,Completed,10
987,2,841,,2024-02-18,Follow-up,Completed,30
988,2,841,,2024-02-28,Meeting,Completed,60
989,4,842,,2025-09-26,Call,Completed,20
990,4,842,,2025-09-17,Follow-up,Completed,30
991,4,842,,2025-09-11,Meeting,Completed,30
992,5,843,131,2025-12-29,Follow-up,Completed,20
993,23,847,,2025-08-11,Call,Completed,30
994,23,847,,2025-07-24,Follow-up,Completed,20
995,19,848,,2024-01-24,Call,Completed,15
996,19,848,,2024-01-11,Follow-up,Completed,15
997,6,850,,2025-12-23,Follow-up,Completed,15
998,2,851,,2025-04-04,Call,Completed,30
999,2,851,,2025-04-07,Meeting,Completed,60
1000,23,852,132,2025-03-11,Call,Completed,15
1001,15,853,133,2025-11-26,Call,Completed,30
1002,15,853,133,2025-11-29,Meeting,Completed,30
1003,9,854,,2024-07-21,Call,Completed,15
1004,9,854,,2024-07-23,Follow-up,Completed,20
1005,6,855,,2025-05-19,Call,Completed,15
1006,5,856,,2024-05-02,Call,Completed,30
1007,5,856,,2024-05-11,Follow-up,Completed,10
1008,5,856,,2024-05-09,Meeting,Completed,45
1009,23,859,,2025-08-13,Follow-up,Completed,20
1010,20,860,,2025-08-26,Follow-up,Completed,15
1011,20,860,,2025-08-25,Meeting,Completed,30
1012,1,861,134,2025-12-31,Call,Completed,10
1013,1,861,134,2025-12-25,Follow-up,Completed,30
1014,12,866,,2025-05-05,Call,Completed,15
1015,12,866,,2025-04-10,Follow-up,Completed,15
1016,12,866,,2025-04-26,Meeting,Completed,30
1017,2,867,135,2025-11-21,Meeting,Completed,30
1018,18,870,,2025-11-18,Follow-up,Completed,20
1019,1,871,,2024-07-21,Follow-up,Completed,15
1020,4,872,,2025-08-02,Follow-up,Completed,15
1021,18,874,,2024-04-09,Call,Completed,30
1022,18,874,,2024-04-18,Meeting,Completed,60
1023,5,875,,2025-10-23,Call,Completed,20
1024,5,875,,2025-10-17,Meeting,Completed,30
1025,22,876,,2026-01-01,Call,Completed,10
1026,22,876,,2025-12-15,Follow-up,Completed,30
1027,17,879,136,2025-11-08,Call,Completed,20
1028,17,879,136,2025-11-22,Follow-up,Completed,10
1029,17,879,136,2025-11-25,Meeting,Completed,60
1030,17,880,137,2024-06-04,Follow-up,Completed,20
1031,17,880,137,2024-06-24,Meeting,Completed,60
1032,21,881,,2025-12-10,Follow-up,Completed,30
1033,21,881,,2025-12-01,Meeting,Completed,45
1034,2,882,,2025-02-13,Follow-up,Completed,10
1035,8,883,138,2025-12-02,Call,Completed,30
1036,7,886,,2024-08-28,Call,Completed,20
1037,14,893,139,2025-07-23,Call,Completed,20
1038,14,893,139,2025-07-31,Meeting,Completed,60
1039,8,895,140,2025-02-17,Follow-up,Completed,15
1040,8,895,140,2025-03-13,Meeting,Completed,45
1041,17,897,,2024-10-14,Follow-up,Completed,30
1042,10,898,,2024-09-21,Call,Completed,20
1043,10,898,,2024-09-04,Follow-up,Completed,10
1044,10,898,,2024-09-24,Meeting,Completed,45
1045,20,899,,2024-02-24,Follow-up,Completed,10
1046,20,901,,2025-10-22,Call,Completed,30
1047,20,901,,2025-10-19,Follow-up,Completed,20
1048,20,901,,2025-11-02,Meeting,Completed,60
1049,8,902,141,2024-06-05,Follow-up,Completed,15
1050,8,902,141,2024-06-21,Meeting,Completed,45
1051,22,903,,2024-06-02,Call,Completed,15
1052,22,903,,2024-06-15,Follow-up,Completed,30
1053,22,903,,2024-06-21,Meeting,Completed,30
1054,16,907,,2024-08-19,Call,Completed,10
1055,3,908,,2025-11-17,Call,Completed,20
1056,3,908,,2025-12-06,Follow-up,Completed,10
1057,21,910,142,2025-03-17,Call,Completed,20
1058,21,910,142,2025-02-27,Follow-up,Completed,30
1059,4,911,143,2025-05-06,Call,Completed,10
1060,4,911,143,2025-05-07,Follow-up,Completed,15
1061,16,912,,2025-07-28,Follow-up,Completed,15
1062,14,914,,2024-07-21,Call,Completed,15
1063,14,914,,2024-07-16,Meeting,Completed,60
1064,11,915,,2025-03-18,Call,Completed,30
1065,11,915,,2025-03-24,Follow-up,Completed,10
1066,11,915,,2025-03-05,Meeting,Completed,45
1067,8,916,,2025-03-08,Call,Completed,15
1068,8,916,,2025-03-17,Follow-up,Completed,15
1069,12,917,,2024-12-16,Call,Completed,10
1070,12,917,,2024-12-14,Follow-up,Completed,15
1071,20,919,,2024-03-07,Call,Completed,10
1072,20,919,,2024-02-23,Meeting,Completed,45
1073,23,921,,2026-01-06,Call,Completed,10
1074,23,921,,2025-12-19,Follow-up,Completed,20
1075,15,923,,2024-04-28,Call,Completed,15
1076,15,923,,2024-04-23,Follow-up,Completed,30
1077,15,923,,2024-04-21,Meeting,Completed,60
1078,22,924,,2025-05-10,Follow-up,Completed,15
1079,19,925,,2024-08-01,Call,Completed,15
1080,19,925,,2024-08-14,Follow-up,Completed,15
1081,13,927,144,2025-10-20,Call,Completed,20
1082,13,927,144,2025-10-07,Meeting,Completed,60
1083,19,928,145,2024-05-05,Meeting,Completed,45
1084,24,929,,2024-07-04,Follow-up,Completed,30
1085,21,931,,2024-05-06,Call,Completed,30
1086,21,931,,2024-04-25,Follow-up,Completed,30
1087,24,932,,2024-06-08,Call,Completed,20
1088,24,932,,2024-06-12,Follow-up,Completed,15
1089,14,933,,2025-03-17,Call,Completed,20
1090,14,933,,2025-03-08,Follow-up,Completed,15
1091,14,933,,2025-03-29,Meeting,Completed,60
1092,22,934,,2024-11-18,Meeting,Completed,30
1093,1,936,,2024-03-10,Call,Completed,15
1094,1,936,,2024-02-18,Follow-up,Completed,15
1095,16,938,,2024-03-03,Call,Completed,30
1096,16,938,,2024-02-24,Follow-up,Completed,30
1097,16,938,,2024-02-26,Meeting,Completed,45
1098,17,940,146,2026-01-08,Call,Completed,10
1099,17,940,146,2026-01-04,Meeting,Completed,30
1100,9,941,,2025-06-10,Call,Completed,30
1101,9,941,,2025-06-08,Follow-up,Completed,10
1102,6,942,,2025-01-06,Call,Completed,15
1103,22,944,147,2025-07-27,Call,Completed,10
1104,22,944,147,2025-07-28,Follow-up,Completed,15
1105,22,944,147,2025-08-12,Meeting,Completed,60
1106,18,945,,2025-07-25,Call,Completed,15
1107,18,945,,2025-07-27,Follow-up,Completed,20
1108,24,946,,2025-10-23,Follow-up,Completed,20
1109,19,947,,2025-06-22,Call,Completed,30
1110,19,947,,2025-06-13,Follow-up,Completed,15
1111,2,948,,2024-12-12,Follow-up,Completed,30
1112,11,949,,2024-06-09,Meeting,Completed,45
1113,2,950,148,2025-07-30,Call,Completed,30
1114,2,950,148,2025-07-22,Follow-up,Completed,20
1115,19,951,149,2024-12-29,Call,Completed,10
1116,19,951,149,2025-01-07,Follow-up,Completed,10
1117,19,951,149,2025-01-26,Meeting,Completed,45
1118,19,952,,2024-07-26,Call,Completed,10
1119,19,952,,2024-08-11,Follow-up,Completed,20
1120,19,952,,2024-07-30,Meeting,Completed,45
1121,22,953,,2025-02-18,Follow-up,Completed,30
1122,22,953,,2025-03-10,Meeting,Completed,30
1123,23,956,150,2025-09-01,Call,Completed,20
1124,23,956,150,2025-09-02,Follow-up,Completed,20
1125,3,957,,2025-04-15,Call,Completed,10
1126,3,957,,2025-03-26,Follow-up,Completed,15
1127,19,960,,2025-11-11,Call,Completed,20
1128,19,960,,2025-10-31,Follow-up,Completed,15
1129,2,962,,2025-08-02,Meeting,Completed,30
1130,3,963,,2025-05-30,Call,Completed,10
1131,3,963,,2025-05-16,Follow-up,Completed,10
1132,3,964,151,2024-08-14,Meeting,Completed,45
1133,19,965,152,2025-06-06,Call,Completed,10
1134,19,965,152,2025-06-15,Meeting,Completed,60
1135,11,966,,2025-04-11,Call,Completed,10
1136,22,968,153,2024-06-18,Call,Completed,15
1137,22,968,153,2024-06-13,Follow-up,Completed,10
1138,18,969,154,2024-08-27,Call,Completed,10
1139,3,970,,2024-04-23,Call,Completed,15
1140,8,971,155,2024-08-23,Call,Completed,10
1141,8,971,155,2024-08-31,Follow-up,Completed,10
1142,23,973,,2025-09-15,Call,Completed,10
1143,23,973,,2025-09-06,Follow-up,Completed,20
1144,2,976,,2025-01-19,Call,Completed,30
1145,2,976,,2025-01-05,Follow-up,Completed,15
1146,2,976,,2025-01-20,Meeting,Completed,30
1147,9,977,,2024-12-11,Call,Completed,15
1148,9,977,,2024-12-20,Follow-up,Completed,20
1149,9,977,,2024-12-13,Meeting,Completed,45
1150,14,979,,2024-10-10,Follow-up,Completed,20
1151,21,983,156,2024-07-15,Call,Completed,10
1152,21,983,156,2024-08-06,Follow-up,Completed,30
1153,21,983,156,2024-07-22,Meeting,Completed,30
1154,10,985,,2025-11-03,Call,Completed,15
1155,10,985,,2025-11-21,Follow-up,Completed,30
1156,20,986,,2025-06-07,Meeting,Completed,60
1157,6,987,,2025-06-02,Meeting,Completed,60
1158,11,989,,2025-10-17,Call,Completed,20
1159,11,989,,2025-10-20,Follow-up,Completed,20
1160,13,991,,2025-04-05,Call,Completed,20
1161,13,991,,2025-04-10,Follow-up,Completed,10
1162,12,992,,2025-12-30,Call,Completed,20
1163,12,992,,2025-12-25,Follow-up,Completed,10
1164,12,992,,2025-12-31,Meeting,Completed,60
1165,16,996,157,2024-05-11,Meeting,Completed,60
1166,8,997,,2025-08-05,Call,Completed,20
1167,8,997,,2025-08-14,Follow-up,Completed,15
1168,8,997,,2025-08-11,Meeting,Completed,45
1169,13,1002,,2025-03-11,Call,Completed,15
1170,13,1002,,2025-04-05,Meeting,Completed,60
1171,20,1003,158,2025-09-15,Follow-up,Completed,15
1172,20,1003,158,2025-09-13,Meeting,Completed,45
1173,3,1007,,2025-04-20,Call,Completed,15
1174,3,1007,,2025-04-30,Follow-up,Completed,15
1175,21,1008,,2025-07-23,Call,Completed,30
1176,21,1008,,2025-08-06,Follow-up,Completed,10
1177,21,1008,,2025-08-06,Meeting,Completed,60
1178,2,1010,159,2024-12-19,Call,Completed,10
1179,2,1010,159,2024-11-23,Follow-up,Completed,10
1180,2,1010,159,2024-12-18,Meeting,Completed,30
1181,3,1011,,2024-05-24,Call,Completed,10
1182,5,1013,,2024-08-08,Call,Completed,20
1183,19,1014,,2024-12-04,Call,Completed,15
1184,19,1014,,2024-12-06,Meeting,Completed,60
1185,11,1018,,2024-02-19,Call,Completed,30
1186,24,1019,,2025-01-20,Call,Completed,10
1187,24,1019,,2025-01-12,Follow-up,Completed,30
1188,24,1019,,2025-01-27,Meeting,Completed,45
1189,10,1021,,2024-07-11,Call,Completed,20
1190,10,1021,,2024-07-27,Follow-up,Completed,30
1191,12,1022,160,2025-04-06,Follow-up,Completed,20
1192,11,1023,,2024-05-19,Call,Completed,20
1193,11,1023,,2024-05-22,Follow-up,Completed,20
1194,2,1024,161,2025-06-07,Follow-up,Completed,20
1195,3,1028,,2024-02-05,Call,Completed,30
1196,3,1028,,2024-03-05,Follow-up,Completed,10
1197,23,1029,,2025-03-30,Call,Completed,15
1198,23,1029,,2025-04-13,Follow-up,Completed,20
1199,23,1029,,2025-04-18,Meeting,Completed,30
1200,16,1030,,2025-04-20,Call,Completed,20
1201,13,1031,,2024-11-25,Call,Completed,15
1202,13,1031,,2024-12-07,Follow-up,Completed,15
1203,23,1032,,2024-06-23,Follow-up,Completed,30
1204,9,1034,,2024-09-13,Call,Completed,15
1205,9,1034,,2024-09-06,Follow-up,Completed,20
1206,24,1037,,2025-09-28,Call,Completed,15
1207,12,1038,,2025-07-02,Call,Completed,10
1208,12,1038,,2025-06-29,Follow-up,Completed,15
1209,12,1038,,2025-07-18,Meeting,Completed,30
1210,23,1039,,2024-06-25,Follow-up,Completed,30
1211,12,1040,162,2025-08-05,Call,Completed,20
1212,12,1040,162,2025-08-17,Follow-up,Completed,30
1213,12,1040,162,2025-08-17,Meeting,Completed,45
1214,17,1041,,2024-11-02,Follow-up,Completed,30
1215,6,1042,163,2025-07-21,Call,Completed,20
1216,6,1042,163,2025-07-27,Follow-up,Completed,15
1217,17,1043,,2024-04-27,Call,Completed,10
1218,17,1043,,2024-05-01,Follow-up,Completed,15
1219,15,1044,,2025-05-10,Call,Completed,10
1220,15,1044,,2025-05-06,Follow-up,Completed,15
1221,20,1048,164,2025-02-12,Call,Completed,30
1222,20,1048,164,2025-02-12,Follow-up,Completed,30
1223,7,1051,165,2025-08-08,Call,Completed,15
1224,7,1051,165,2025-08-05,Follow-up,Completed,15
1225,9,1052,,2025-10-25,Follow-up,Completed,30
1226,9,1053,,2024-06-08,Call,Completed,20
1227,9,1053,,2024-06-05,Follow-up,Completed,20
1228,9,1053,,2024-06-12,Meeting,Completed,60
1229,12,1054,166,2025-08-20,Follow-up,Completed,20
1230,15,1055,,2025-08-24,Call,Completed,10
1231,15,1055,,2025-08-20,Follow-up,Completed,20
1232,9,1057,,2024-12-20,Call,Completed,30
1233,9,1057,,2024-12-19,Follow-up,Completed,30
1234,9,1057,,2024-12-24,Meeting,Completed,30
1235,21,1058,,2025-11-28,Call,Completed,30
1236,21,1058,,2025-12-04,Follow-up,Completed,30
1237,21,1058,,2025-12-15,Meeting,Completed,30
1238,15,1060,,2025-07-05,Call,Completed,10
1239,15,1060,,2025-07-08,Follow-up,Completed,30
1240,24,1061,,2024-05-19,Call,Completed,10
1241,24,1061,,2024-05-30,Meeting,Completed,60
1242,13,1063,,2025-10-23,Call,Completed,10
1243,13,1063,,2025-10-05,Follow-up,Completed,30
1244,6,1067,,2024-01-10,Call,Completed,30
1245,6,1067,,2024-01-19,Follow-up,Completed,20
1246,6,1070,,2024-08-19,Call,Completed,15
1247,6,1070,,2024-08-20,Meeting,Completed,60
1248,3,1071,,2025-05-28,Follow-up,Completed,30
1249,15,1072,,2024-10-01,Call,Completed,10
1250,15,1072,,2024-10-20,Follow-up,Completed,20
1251,15,1072,,2024-10-16,Meeting,Completed,45
1252,24,1073,,2025-08-15,Follow-up,Completed,15
1253,11,1074,,2024-08-25,Call,Completed,10
1254,11,1074,,2024-08-13,Follow-up,Completed,30
1255,8,1075,,2024-01-12,Call,Completed,10
1256,8,1075,,2024-02-07,Meeting,Completed,30
1257,22,1077,167,2025-02-04,Call,Completed,15
1258,16,1078,,2025-11-05,Follow-up,Completed,15
1259,16,1078,,2025-11-13,Meeting,Completed,60
1260,10,1079,,2024-07-16,Call,Completed,10
1261,10,1079,,2024-07-30,Follow-up,Completed,10
1262,10,1079,,2024-08-02,Meeting,Completed,45
1263,1,1081,,2026-01-23,Call,Completed,30
1264,1,1081,,2026-01-08,Follow-up,Completed,30
1265,14,1082,,2024-08-08,Call,Completed,15
1266,14,1082,,2024-08-17,Follow-up,Completed,15
1267,14,1082,,2024-08-02,Meeting,Completed,60
1268,19,1083,,2025-03-24,Follow-up,Completed,15
1269,8,1084,,2024-12-06,Call,Completed,20
1270,8,1084,,2024-12-11,Follow-up,Completed,15
1271,7,1085,,2025-03-30,Follow-up,Completed,20
1272,10,1086,,2025-03-27,Meeting,Completed,30
1273,20,1087,,2024-05-31,Call,Completed,20
1274,20,1087,,2024-05-19,Follow-up,Completed,20
1275,14,1088,,2024-10-16,Call,Completed,20
1276,14,1088,,2024-10-02,Follow-up,Completed,30
1277,9,1090,168,2024-05-10,Call,Completed,30
1278,9,1090,168,2024-05-10,Meeting,Completed,60
1279,12,1092,,2024-02-29,Call,Completed,15
1280,12,1092,,2024-02-29,Follow-up,Completed,15
1281,11,1094,169,2025-03-01,Call,Completed,30
1282,11,1094,169,2025-03-09,Follow-up,Completed,10
1283,19,1095,,2024-01-19,Call,Completed,20
1284,19,1095,,2024-02-13,Follow-up,Completed,30
1285,22,1096,,2025-08-03,Call,Completed,30
1286,22,1096,,2025-07-22,Follow-up,Completed,30
1287,21,1099,,2024-06-02,Call,Completed,20
1288,21,1099,,2024-06-25,Follow-up,Completed,20
1289,4,1102,170,2025-07-19,Follow-up,Completed,10
1290,4,1102,170,2025-07-17,Meeting,Completed,45
1291,24,1103,171,2024-09-23,Call,Completed,30
1292,24,1103,171,2024-10-09,Follow-up,Completed,20
1293,14,1105,,2025-01-28,Call,Completed,15
1294,14,1105,,2025-02-20,Meeting,Completed,30
1295,6,1107,,2024-06-26,Call,Completed,10
1296,6,1107,,2024-06-22,Follow-up,Completed,15
1297,14,1108,,2025-07-11,Call,Completed,10
1298,14,1108,,2025-07-12,Follow-up,Completed,15
1299,13,1109,,2024-07-11,Call,Completed,20
1300,5,1112,172,2024-07-09,Call,Completed,10
1301,5,1112,172,2024-07-18,Follow-up,Completed,10
1302,5,1112,172,2024-07-25,Meeting,Completed,45
1303,23,1113,,2025-04-22,Meeting,Completed,60
1304,11,1115,,2025-10-26,Call,Completed,20
1305,11,1115,,2025-10-25,Meeting,Completed,30
1306,24,1118,173,2025-09-08,Call,Completed,30
1307,13,1120,,2025-07-07,Call,Completed,20
1308,13,1120,,2025-07-19,Follow-up,Completed,15
1309,13,1120,,2025-08-01,Meeting,Completed,60
1310,21,1121,174,2025-10-29,Call,Completed,15
1311,21,1121,174,2025-11-14,Meeting,Completed,45
1312,19,1122,,2024-11-01,Call,Completed,30
1313,19,1122,,2024-11-14,Follow-up,Completed,30
1314,19,1122,,2024-12-01,Meeting,Completed,45
1315,19,1124,175,2025-07-19,Meeting,Completed,30
1316,22,1126,,2025-07-21,Follow-up,Completed,15
1317,22,1126,,2025-08-10,Meeting,Completed,45
1318,1,1127,,2024-08-26,Follow-up,Completed,15
1319,1,1127,,2024-08-26,Meeting,Completed,45
1320,9,1128,,2025-08-26,Call,Completed,30
1321,16,1129,176,2024-06-22,Follow-up,Completed,20
1322,24,1132,,2024-10-07,Call,Completed,15
1323,24,1132,,2024-09-27,Follow-up,Completed,30
1324,24,1132,,2024-10-05,Meeting,Completed,60
1325,8,1133,,2025-10-04,Call,Completed,15
1326,8,1133,,2025-10-06,Follow-up,Completed,15
1327,4,1134,177,2025-06-19,Call,Completed,10
1328,4,1134,177,2025-06-18,Follow-up,Completed,10
1329,4,1134,177,2025-06-16,Meeting,Completed,45
1330,4,1135,,2025-07-16,Call,Completed,15
1331,4,1135,,2025-06-28,Follow-up,Completed,30
1332,4,1135,,2025-07-10,Meeting,Completed,60
1333,6,1136,178,2025-05-12,Call,Completed,10
1334,6,1136,178,2025-05-16,Follow-up,Completed,30
1335,6,1136,178,2025-05-29,Meeting,Completed,45
1336,4,1139,,2024-03-20,Call,Completed,20
1337,4,1139,,2024-03-13,Follow-up,Completed,10
1338,4,1139,,2024-03-15,Meeting,Completed,60
1339,15,1141,,2024-07-05,Call,Completed,15
1340,19,1142,,2024-03-15,Call,Completed,10
1341,19,1142,,2024-03-31,Meeting,Completed,30
1342,15,1143,,2024-04-04,Follow-up,Completed,10
1343,17,1145,,2024-05-12,Call,Completed,30
1344,19,1146,,2024-09-09,Follow-up,Completed,10
1345,22,1147,179,2025-09-06,Call,Completed,30
1346,3,1148,,2024-02-01,Follow-up,Completed,20
1347,24,1149,,2025-03-16,Call,Completed,10
1348,24,1149,,2025-03-14,Follow-up,Completed,15
1349,24,1149,,2025-04-18,Meeting,Completed,30
1350,23,1150,,2025-07-21,Call,Completed,30
1351,23,1150,,2025-07-04,Follow-up,Completed,20
1352,23,1150,,2025-07-27,Meeting,Completed,30
1353,11,1151,,2025-07-21,Call,Completed,30
1354,11,1151,,2025-07-14,Follow-up,Completed,20
1355,13,1152,180,2024-09-24,Call,Completed,10
1356,13,1152,180,2024-09-29,Follow-up,Completed,15
1357,13,1152,180,2024-09-12,Meeting,Completed,45
1358,9,1153,181,2025-10-11,Call,Completed,30
1359,9,1153,181,2025-10-12,Follow-up,Completed,30
1360,9,1153,181,2025-11-02,Meeting,Completed,60
1361,9,1158,,2024-02-08,Call,Completed,30
1362,9,1158,,2024-02-21,Follow-up,Completed,30
1363,24,1165,182,2025-11-22,Call,Completed,20
1364,24,1165,182,2025-11-06,Follow-up,Completed,15
1365,24,1165,182,2025-11-14,Meeting,Completed,60
1366,9,1166,,2025-08-21,Call,Completed,10
1367,9,1166,,2025-09-09,Follow-up,Completed,15
1368,9,1166,,2025-09-06,Meeting,Completed,30
1369,2,1167,,2024-02-24,Call,Completed,30
1370,2,1167,,2024-02-27,Follow-up,Completed,15
1371,2,1167,,2024-02-22,Meeting,Completed,30
1372,12,1169,183,2024-07-24,Call,Completed,30
1373,12,1169,183,2024-07-31,Follow-up,Completed,10
1374,12,1169,183,2024-08-18,Meeting,Completed,30
1375,11,1170,,2024-07-05,Call,Completed,20
1376,11,1170,,2024-07-31,Follow-up,Completed,30
1377,13,1171,,2025-09-26,Follow-up,Completed,30
1378,1,1172,,2025-12-07,Call,Completed,10
1379,1,1172,,2025-11-28,Follow-up,Completed,10
1380,19,1173,,2024-04-17,Call,Completed,20
1381,19,1173,,2024-04-17,Follow-up,Completed,30
1382,19,1173,,2024-05-05,Meeting,Completed,45
1383,17,1174,184,2025-07-11,Call,Completed,10
1384,17,1174,184,2025-07-08,Follow-up,Completed,20
1385,7,1176,,2024-01-16,Call,Completed,30
1386,7,1176,,2024-01-07,Follow-up,Completed,10
1387,7,1176,,2024-02-06,Meeting,Completed,60
1388,3,1177,185,2024-05-31,Follow-up,Completed,15
1389,3,1177,185,2024-06-13,Meeting,Completed,30
1390,12,1179,186,2025-04-21,Call,Completed,10
1391,12,1179,186,2025-05-02,Follow-up,Completed,30
1392,19,1180,187,2025-10-15,Follow-up,Completed,15
1393,21,1181,,2024-11-04,Call,Completed,20
1394,21,1181,,2024-11-27,Follow-up,Completed,15
1395,16,1182,,2024-06-07,Call,Completed,20
1396,22,1183,,2024-08-01,Call,Completed,30
1397,20,1186,,2024-11-08,Call,Completed,10
1398,20,1186,,2024-11-26,Follow-up,Completed,10
1399,17,1187,188,2025-08-12,Call,Completed,30
1400,22,1188,,2025-09-11,Call,Completed,30
1401,22,1188,,2025-09-05,Follow-up,Completed,30
1402,22,1188,,2025-09-08,Meeting,Completed,45
1403,4,1189,,2024-03-11,Call,Completed,15
1404,4,1189,,2024-02-15,Follow-up,Completed,10
1405,24,1190,,2025-07-18,Call,Completed,30
1406,24,1190,,2025-06-26,Follow-up,Completed,15
1407,2,1192,,2024-03-27,Call,Completed,15
1408,2,1192,,2024-04-15,Follow-up,Completed,30
1409,7,1197,189,2025-04-15,Call,Completed,30
1410,7,1197,189,2025-03-25,Follow-up,Completed,30
1411,7,1197,189,2025-04-11,Meeting,Completed,60
1412,6,1198,,2024-10-21,Follow-up,Completed,15
1413,7,1199,190,2024-06-12,Follow-up,Completed,30
1414,7,1199,190,2024-06-11,Meeting,Completed,45
1415,8,1200,191,2024-03-01,Call,Completed,20
1416,8,1200,191,2024-03-14,Follow-up,Completed,15
1417,8,1200,191,2024-03-28,Meeting,Completed,45
1418,7,1201,,2024-12-17,Call,Completed,15
1419,7,1201,,2025-01-13,Meeting,Completed,45
1420,22,1202,,2025-12-13,Call,Completed,20
1421,1,1203,,2025-12-28,Call,Completed,10
1422,21,1205,,2024-12-04,Call,Completed,15
1423,21,1205,,2024-11-28,Follow-up,Completed,10
1424,21,1205,,2024-12-30,Meeting,Completed,45
1425,14,1208,192,2025-09-23,Follow-up,Completed,20
1426,4,1209,,2024-10-02,Call,Completed,30
1427,4,1209,,2024-10-28,Follow-up,Completed,10
1428,13,1210,,2024-07-24,Follow-up,Completed,15
1429,15,1211,,2024-07-15,Call,Completed,30
1430,15,1211,,2024-07-14,Follow-up,Completed,10
1431,15,1211,,2024-08-10,Meeting,Completed,30
1432,11,1212,,2024-09-27,Follow-up,Completed,15
1433,21,1215,,2024-03-04,Follow-up,Completed,30
1434,19,1217,,2025-05-16,Call,Completed,30
1435,19,1217,,2025-05-16,Follow-up,Completed,30
1436,14,1218,,2024-01-29,Follow-up,Completed,15
1437,10,1219,,2024-09-07,Follow-up,Completed,15
1438,10,1219,,2024-09-12,Meeting,Completed,30
1439,18,1223,,2025-08-02,Follow-up,Completed,20
1440,6,1224,,2025-09-19,Call,Completed,15
1441,6,1224,,2025-09-25,Follow-up,Completed,20
1442,20,1226,,2025-09-10,Follow-up,Completed,30
1443,12,1227,,2024-10-14,Follow-up,Completed,15
1444,20,1228,,2024-04-23,Call,Completed,15
1445,8,1231,,2024-01-30,Call,Completed,15
1446,8,1231,,2024-02-01,Follow-up,Completed,10
1447,8,1231,,2024-02-19,Meeting,Completed,45
1448,4,1232,,2024-10-12,Call,Completed,10
1449,4,1232,,2024-10-19,Follow-up,Completed,30
1450,21,1233,193,2024-06-10,Call,Completed,15
1451,21,1233,193,2024-06-01,Follow-up,Completed,20
1452,16,1235,194,2024-11-12,Call,Completed,15
1453,16,1235,194,2024-10-24,Follow-up,Completed,15
1454,16,1235,194,2024-11-05,Meeting,Completed,30
1455,17,1236,,2025-07-23,Call,Completed,20
1456,17,1236,,2025-07-19,Follow-up,Completed,15
1457,15,1237,,2024-11-22,Call,Completed,15
1458,15,1237,,2024-11-24,Follow-up,Completed,20
1459,15,1237,,2024-11-19,Meeting,Completed,30
1460,18,1239,,2025-08-27,Call,Completed,20
1461,18,1239,,2025-08-05,Follow-up,Completed,10
1462,6,1241,195,2024-04-28,Call,Completed,15
1463,6,1241,195,2024-04-06,Follow-up,Completed,20
1464,14,1243,196,2025-09-21,Call,Completed,10
1465,14,1243,196,2025-09-03,Follow-up,Completed,15
1466,11,1245,,2025-10-16,Follow-up,Completed,20
1467,23,1246,,2024-03-22,Call,Completed,10
1468,23,1246,,2024-03-26,Follow-up,Completed,10
1469,23,1246,,2024-04-16,Meeting,Completed,60
1470,17,1247,,2025-10-10,Call,Completed,15
1471,17,1247,,2025-10-03,Follow-up,Completed,15
1472,15,1248,,2024-04-11,Follow-up,Completed,15
1473,6,1249,,2024-02-29,Call,Completed,10
1474,6,1249,,2024-02-08,Follow-up,Completed,20
1475,20,1250,,2025-12-12,Follow-up,Completed,20
1476,24,1254,197,2024-04-08,Call,Completed,20
1477,24,1254,197,2024-04-09,Follow-up,Completed,10
1478,24,1254,197,2024-05-01,Meeting,Completed,60
1479,8,1258,,2025-02-11,Call,Completed,30
1480,8,1258,,2025-02-13,Follow-up,Completed,10
1481,13,1260,,2026-01-16,Call,Completed,30
1482,9,1261,198,2026-01-14,Call,Completed,30
1483,9,1261,198,2026-01-02,Follow-up,Completed,15
1484,9,1261,198,2026-01-16,Meeting,Completed,60
1485,20,1262,199,2024-05-23,Call,Completed,30
1486,20,1262,199,2024-05-30,Follow-up,Completed,15
1487,10,1263,200,2025-08-21,Call,Completed,30
1488,10,1263,200,2025-08-19,Follow-up,Completed,30
1489,20,1265,,2025-03-14,Follow-up,Completed,20
1490,1,1266,,2024-04-27,Call,Completed,30
1491,1,1266,,2024-04-13,Follow-up,Completed,15
1492,16,1268,201,2024-10-18,Call,Completed,30
1493,16,1268,201,2024-09-22,Follow-up,Completed,30
1494,16,1268,201,2024-10-10,Meeting,Completed,60
1495,20,1269,,2025-11-21,Call,Completed,10
1496,20,1269,,2025-11-24,Follow-up,Completed,20
1497,20,1269,,2025-12-01,Meeting,Completed,30
1498,20,1270,,2026-01-23,Call,Completed,15
1499,12,1271,,2025-07-12,Call,Completed,30
1500,12,1271,,2025-07-12,Follow-up,Completed,15
1501,20,1272,,2026-01-04,Call,Completed,15
1502,24,1273,202,2025-03-20,Call,Completed,10
1503,16,1276,,2025-12-21,Call,Completed,10
1504,21,1277,,2024-08-09,Call,Completed,20
1505,5,1281,,2025-02-16,Call,Completed,10
1506,5,1281,,2025-01-19,Follow-up,Completed,30
1507,5,1281,,2025-02-11,Meeting,Completed,30
1508,1,1283,,2025-10-24,Follow-up,Completed,15
1509,1,1284,203,2025-09-26,Call,Completed,15
1510,1,1284,203,2025-10-11,Meeting,Completed,45
1511,11,1286,204,2024-08-30,Call,Completed,15
1512,11,1286,204,2024-09-14,Follow-up,Completed,20
1513,15,1287,,2025-08-23,Call,Completed,20
1514,15,1287,,2025-08-21,Follow-up,Completed,20
1515,22,1288,,2024-12-08,Call,Completed,10
1516,22,1288,,2024-12-17,Follow-up,Completed,10
1517,21,1289,,2025-08-26,Call,Completed,20
1518,21,1289,,2025-08-16,Follow-up,Completed,15
1519,21,1289,,2025-09-11,Meeting,Completed,60
1520,16,1291,205,2024-04-14,Call,Completed,30
1521,16,1291,205,2024-04-07,Follow-up,Completed,15
1522,24,1292,,2024-02-24,Call,Completed,20
1523,24,1292,,2024-02-29,Follow-up,Completed,30
1524,12,1293,206,2025-06-04,Call,Completed,15
1525,12,1293,206,2025-06-09,Follow-up,Completed,20
1526,21,1296,,2024-03-28,Call,Completed,15
1527,21,1296,,2024-03-18,Follow-up,Completed,10
1528,19,1298,,2025-07-08,Call,Completed,30
1529,19,1298,,2025-07-21,Follow-up,Completed,30
1530,19,1298,,2025-07-31,Meeting,Completed,60
1531,13,1301,,2025-12-25,Call,Completed,30
1532,9,1302,,2025-03-05,Follow-up,Completed,15
1533,15,1303,,2024-07-05,Call,Completed,15
1534,15,1303,,2024-06-19,Follow-up,Completed,30
1535,14,1304,,2024-12-18,Call,Completed,30
1536,14,1304,,2024-12-21,Follow-up,Completed,20
1537,2,1306,,2024-04-05,Follow-up,Completed,20
1538,17,1307,,2025-11-07,Call,Completed,15
1539,17,1307,,2025-11-09,Follow-up,Completed,20
1540,19,1308,208,2024-02-16,Meeting,Completed,30
1541,4,1309,,2025-11-04,Call,Completed,15
1542,4,1309,,2025-12-10,Meeting,Completed,60
1543,17,1310,,2024-11-03,Call,Completed,20
1544,17,1310,,2024-11-06,Meeting,Completed,45
1545,7,1312,,2025-12-20,Follow-up,Completed,10
1546,7,1312,,2026-01-18,Meeting,Completed,30
1547,24,1315,209,2024-06-18,Follow-up,Completed,10
1548,24,1315,209,2024-06-29,Meeting,Completed,45
1549,13,1316,,2025-12-01,Call,Completed,10
1550,13,1316,,2025-12-17,Follow-up,Completed,30
1551,4,1319,,2024-03-09,Call,Completed,15
1552,4,1319,,2024-03-18,Follow-up,Completed,30
1553,17,1321,,2025-09-21,Call,Completed,30
1554,17,1321,,2025-10-14,Follow-up,Completed,10
1555,7,1322,210,2024-04-29,Call,Completed,30
1556,7,1322,210,2024-05-04,Follow-up,Completed,15
1557,7,1322,210,2024-05-05,Meeting,Completed,45
1558,11,1323,,2025-05-21,Call,Completed,15
1559,11,1323,,2025-05-29,Follow-up,Completed,15
1560,3,1325,,2024-12-11,Follow-up,Completed,20
1561,24,1326,,2025-01-31,Follow-up,Completed,15
1562,24,1326,,2025-02-11,Meeting,Completed,45
1563,6,1327,211,2024-05-29,Call,Completed,10
1564,6,1327,211,2024-05-20,Follow-up,Completed,10
1565,6,1327,211,2024-05-27,Meeting,Completed,30
1566,3,1332,,2024-11-27,Call,Completed,20
1567,3,1332,,2024-11-25,Follow-up,Completed,15
1568,10,1333,212,2025-12-16,Call,Completed,15
1569,10,1333,212,2025-12-24,Meeting,Completed,45
1570,10,1335,213,2024-09-08,Follow-up,Completed,10
1571,24,1338,,2024-04-11,Call,Completed,20
1572,24,1338,,2024-04-18,Follow-up,Completed,15
1573,24,1342,,2025-09-11,Call,Completed,20
1574,24,1342,,2025-09-17,Follow-up,Completed,20
1575,20,1343,215,2025-03-31,Call,Completed,20
1576,20,1343,215,2025-04-23,Follow-up,Completed,30
1577,21,1344,,2025-07-03,Call,Completed,20
1578,21,1344,,2025-06-20,Follow-up,Completed,20
1579,9,1345,216,2025-02-21,Call,Completed,15
1580,1,1346,,2024-09-30,Call,Completed,15
1581,23,1352,,2024-11-29,Call,Completed,20
1582,23,1352,,2024-11-12,Follow-up,Completed,20
1583,23,1352,,2024-11-16,Meeting,Completed,60
1584,20,1354,,2025-02-27,Call,Completed,10
1585,20,1354,,2025-03-08,Follow-up,Completed,10
1586,20,1354,,2025-03-27,Meeting,Completed,30
1587,23,1355,,2024-09-18,Call,Completed,15
1588,23,1355,,2024-10-01,Follow-up,Completed,30
1589,22,1356,217,2024-10-10,Call,Completed,30
1590,22,1356,217,2024-10-14,Follow-up,Completed,10
1591,22,1356,217,2024-11-04,Meeting,Completed,60
1592,1,1361,,2024-05-28,Call,Completed,10
1593,1,1361,,2024-06-14,Follow-up,Completed,30
1594,16,1362,,2025-12-31,Call,Completed,20
1595,16,1362,,2025-12-24,Follow-up,Completed,30
1596,19,1365,218,2024-10-31,Call,Completed,15
1597,19,1365,218,2024-11-03,Follow-up,Completed,30
1598,18,1368,219,2024-05-29,Call,Completed,15
1599,18,1368,219,2024-05-29,Follow-up,Completed,15
1600,18,1368,219,2024-06-02,Meeting,Completed,45
1601,23,1369,,2025-04-19,Call,Completed,10
1602,23,1369,,2025-04-11,Follow-up,Completed,20
1603,12,1370,,2025-09-17,Call,Completed,10
1604,19,1371,,2025-10-27,Call,Completed,10
1605,19,1371,,2025-11-16,Meeting,Completed,45
1606,9,1372,,2025-02-02,Follow-up,Completed,10
1607,9,1372,,2025-02-13,Meeting,Completed,30
1608,21,1373,,2024-02-03,Call,Completed,20
1609,21,1373,,2024-02-05,Follow-up,Completed,30
1610,1,1374,,2025-07-23,Call,Completed,10
1611,1,1374,,2025-07-13,Follow-up,Completed,15
1612,1,1374,,2025-07-17,Meeting,Completed,45
1613,13,1375,220,2025-10-03,Call,Completed,30
1614,13,1375,220,2025-09-19,Follow-up,Completed,10
1615,13,1375,220,2025-10-01,Meeting,Completed,45
1616,23,1376,221,2025-10-04,Call,Completed,10
1617,23,1376,221,2025-10-12,Follow-up,Completed,15
1618,19,1377,,2024-06-13,Call,Completed,10
1619,19,1377,,2024-06-17,Follow-up,Completed,15
1620,19,1377,,2024-07-06,Meeting,Completed,30
1621,3,1378,222,2025-09-16,Call,Completed,20
1622,3,1378,222,2025-10-03,Follow-up,Completed,20
1623,21,1379,,2025-10-17,Call,Completed,20
1624,21,1379,,2025-10-14,Follow-up,Completed,15
1625,24,1380,,2024-05-31,Call,Completed,10
1626,14,1381,223,2025-03-25,Call,Completed,15
1627,14,1381,223,2025-04-02,Follow-up,Completed,20
1628,14,1381,223,2025-03-27,Meeting,Completed,45
1629,8,1382,224,2025-06-20,Follow-up,Completed,20
1630,12,1385,,2025-12-04,Follow-up,Completed,20
1631,4,1387,225,2024-02-05,Call,Completed,20
1632,4,1387,225,2024-02-11,Meeting,Completed,45
1633,5,1388,,2024-02-01,Call,Completed,15
1634,5,1388,,2024-02-06,Follow-up,Completed,10
1635,10,1390,,2025-02-21,Call,Completed,10
1636,10,1390,,2025-02-25,Follow-up,Completed,10
1637,10,1390,,2025-02-16,Meeting,Completed,45
1638,11,1392,226,2024-07-16,Call,Completed,15
1639,11,1392,226,2024-08-04,Follow-up,Completed,10
1640,11,1392,226,2024-08-08,Meeting,Completed,60
1641,21,1393,227,2025-08-06,Meeting,Completed,60
1642,5,1394,228,2025-07-14,Call,Completed,10
1643,5,1394,228,2025-07-03,Follow-up,Completed,30
1644,5,1394,228,2025-06-20,Meeting,Completed,60
1645,15,1395,229,2024-04-01,Call,Completed,10
1646,15,1395,229,2024-04-16,Follow-up,Completed,30
1647,5,1396,,2025-12-02,Call,Completed,15
1648,5,1396,,2025-11-17,Meeting,Completed,45
1649,13,1398,,2025-12-06,Call,Completed,20
1650,13,1398,,2025-12-08,Follow-up,Completed,15
1651,13,1398,,2025-11-22,Meeting,Completed,45
1652,7,1401,,2024-01-22,Call,Completed,10
1653,7,1401,,2024-01-31,Follow-up,Completed,10
1654,18,1402,,2024-03-04,Call,Completed,15
1655,18,1402,,2024-02-17,Follow-up,Completed,15
1656,18,1402,,2024-03-13,Meeting,Completed,60
1657,14,1403,,2025-04-05,Follow-up,Completed,10
1658,12,1405,,2024-08-31,Call,Completed,15
1659,12,1405,,2024-09-06,Follow-up,Completed,15
1660,5,1407,,2024-04-14,Call,Completed,30
1661,21,1408,,2024-02-15,Call,Completed,30
1662,21,1408,,2024-02-28,Follow-up,Completed,15
1663,14,1409,,2024-09-27,Call,Completed,15
1664,14,1409,,2024-09-11,Follow-up,Completed,15
1665,14,1410,,2025-04-14,Call,Completed,30
1666,14,1410,,2025-04-12,Follow-up,Completed,20
1667,21,1411,,2025-09-27,Call,Completed,15
1668,5,1412,,2024-11-28,Follow-up,Completed,15
1669,18,1413,,2024-02-24,Call,Completed,30
1670,18,1413,,2024-02-13,Follow-up,Completed,15
1671,3,1415,230,2025-07-03,Follow-up,Completed,10
1672,21,1416,,2024-02-11,Call,Completed,15
1673,21,1416,,2024-03-05,Follow-up,Completed,15
1674,21,1416,,2024-02-21,Meeting,Completed,30
1675,21,1419,,2026-01-12,Meeting,Completed,60
1676,9,1426,,2025-06-20,Call,Completed,30
1677,9,1426,,2025-06-30,Follow-up,Completed,30
1678,10,1427,,2025-07-14,Call,Completed,20
1679,10,1427,,2025-07-09,Follow-up,Completed,30
1680,22,1428,,2025-10-27,Follow-up,Completed,20
1681,22,1428,,2025-11-14,Meeting,Completed,45
1682,20,1429,231,2024-07-23,Call,Completed,15
1683,20,1429,231,2024-07-21,Follow-up,Completed,30
1684,20,1429,231,2024-07-16,Meeting,Completed,30
1685,13,1430,,2025-01-07,Call,Completed,20
1686,13,1430,,2025-01-03,Follow-up,Completed,20
1687,13,1430,,2025-02-03,Meeting,Completed,30
1688,12,1431,,2024-12-24,Call,Completed,10
1689,12,1431,,2025-01-02,Follow-up,Completed,10
1690,15,1433,,2025-12-20,Call,Completed,30
1691,15,1433,,2025-12-24,Follow-up,Completed,30
1692,24,1435,232,2024-07-15,Call,Completed,30
1693,24,1435,232,2024-06-20,Follow-up,Completed,10
1694,24,1435,232,2024-07-05,Meeting,Completed,30
1695,8,1436,,2024-09-22,Call,Completed,20
1696,8,1436,,2024-09-19,Follow-up,Completed,20
1697,19,1438,233,2025-06-01,Call,Completed,30
1698,19,1438,233,2025-05-23,Follow-up,Completed,20
1699,6,1440,,2025-09-01,Call,Completed,15
1700,6,1440,,2025-09-22,Follow-up,Completed,30
1701,4,1442,,2024-03-11,Call,Completed,20
1702,4,1442,,2024-02-23,Follow-up,Completed,20
1703,4,1442,,2024-03-01,Meeting,Completed,60
1704,1,1443,234,2024-04-13,Follow-up,Completed,30
1705,1,1443,234,2024-05-08,Meeting,Completed,45
1706,20,1444,235,2024-07-26,Call,Completed,30
1707,18,1445,,2025-03-20,Follow-up,Completed,30
1708,1,1446,,2024-08-31,Call,Completed,15
1709,1,1446,,2024-08-17,Follow-up,Completed,10
1710,24,1447,,2024-06-13,Call,Completed,10
1711,24,1447,,2024-06-17,Follow-up,Completed,15
1712,9,1448,,2024-03-07,Call,Completed,15
1713,9,1448,,2024-02-27,Follow-up,Completed,20
1714,7,1449,,2024-02-05,Follow-up,Completed,20
1715,19,1450,236,2025-10-19,Call,Completed,30
1716,14,1452,,2025-10-02,Call,Completed,15
1717,14,1452,,2025-09-26,Follow-up,Completed,10
1718,14,1452,,2025-09-27,Meeting,Completed,60
1719,23,1455,,2024-07-27,Call,Completed,10
1720,23,1455,,2024-08-17,Meeting,Completed,30
1721,6,1456,,2025-10-06,Call,Completed,15
1722,6,1456,,2025-10-07,Follow-up,Completed,10
1723,6,1456,,2025-10-01,Meeting,Completed,60
1724,15,1458,,2024-10-29,Call,Completed,20
1725,18,1460,,2025-02-16,Follow-up,Completed,10
1726,18,1460,,2025-03-03,Meeting,Completed,30
1727,16,1461,,2025-09-26,Call,Completed,20
1728,16,1461,,2025-09-30,Follow-up,Completed,30
1729,16,1461,,2025-09-24,Meeting,Completed,60
1730,17,1464,,2024-03-22,Call,Completed,15
1731,17,1464,,2024-03-28,Follow-up,Completed,15
1732,19,1466,238,2024-10-29,Call,Completed,20
1733,19,1466,238,2024-11-17,Meeting,Completed,30
1734,10,1467,239,2024-05-16,Call,Completed,20
1735,10,1467,239,2024-05-16,Follow-up,Completed,20
1736,15,1468,,2024-04-18,Call,Completed,30
1737,10,1469,,2024-10-06,Call,Completed,30
1738,10,1469,,2024-10-05,Follow-up,Completed,10
1739,19,1471,240,2024-09-14,Call,Completed,15
1740,12,1473,,2025-05-05,Call,Completed,20
1741,12,1473,,2025-05-04,Follow-up,Completed,30
1742,12,1474,241,2025-10-01,Call,Completed,15
1743,12,1474,241,2025-10-04,Follow-up,Completed,20
1744,15,1475,,2025-01-13,Follow-up,Completed,10
1745,19,1476,,2024-11-04,Follow-up,Completed,20
1746,12,1478,242,2024-10-08,Call,Completed,10
1747,12,1478,242,2024-10-03,Meeting,Completed,30
1748,12,1480,,2025-02-23,Call,Completed,15
1749,12,1480,,2025-02-18,Follow-up,Completed,15
1750,12,1480,,2025-03-15,Meeting,Completed,45
1751,1,1481,243,2024-11-21,Call,Completed,20
1752,1,1481,243,2024-12-18,Follow-up,Completed,10
1753,1,1481,243,2024-12-18,Meeting,Completed,30
1754,7,1483,,2024-01-29,Follow-up,Completed,20
1755,18,1484,,2025-09-18,Call,Completed,10
1756,13,1485,,2024-12-22,Follow-up,Completed,15
1757,10,1486,,2025-07-17,Call,Completed,10
1758,24,1491,244,2025-02-17,Follow-up,Completed,15
1759,24,1491,244,2025-03-09,Meeting,Completed,45
1760,5,1495,,2024-05-22,Call,Completed,20
1761,5,1495,,2024-06-02,Meeting,Completed,45
1762,13,1496,,2024-05-30,Call,Completed,10
1763,13,1496,,2024-06-06,Follow-up,Completed,15
1764,12,1497,,2025-05-21,Call,Completed,30
1765,12,1497,,2025-06-12,Meeting,Completed,60
1766,17,1504,,2024-12-17,Call,Completed,20
1767,17,1504,,2024-12-16,Follow-up,Completed,30
1768,7,1508,,2025-08-17,Call,Completed,30
1769,20,1509,,2024-02-10,Call,Completed,20
1770,20,1509,,2024-02-23,Meeting,Completed,45
1771,23,1510,,2024-05-19,Call,Completed,15
1772,23,1510,,2024-05-23,Follow-up,Completed,20
1773,14,1511,,2025-05-01,Call,Completed,20
1774,19,1513,,2024-06-25,Call,Completed,10
1775,19,1513,,2024-07-13,Meeting,Completed,30
1776,16,1516,,2025-06-14,Call,Completed,20
1777,19,1517,245,2025-05-27,Call,Completed,20
1778,19,1517,245,2025-05-07,Follow-up,Completed,30
1779,19,1517,245,2025-05-22,Meeting,Completed,45
1780,11,1518,246,2025-09-09,Meeting,Completed,30
1781,12,1521,,2024-10-05,Call,Completed,20
1782,21,1522,,2026-01-06,Follow-up,Completed,10
1783,21,1522,,2026-01-03,Meeting,Completed,60
1784,14,1523,,2025-04-02,Call,Completed,15
1785,22,1525,,2025-06-07,Follow-up,Completed,20
1786,12,1526,,2025-03-10,Call,Completed,10
1787,19,1527,,2026-01-02,Call,Completed,20
1788,19,1527,,2026-01-09,Follow-up,Completed,20
1789,22,1528,,2024-05-07,Call,Completed,20
1790,22,1528,,2024-04-28,Follow-up,Completed,20
1791,22,1528,,2024-05-18,Meeting,Completed,45
1792,19,1529,247,2024-03-05,Call,Completed,20
1793,19,1529,247,2024-03-03,Follow-up,Completed,30
1794,19,1529,247,2024-03-09,Meeting,Completed,30
1795,13,1531,,2024-02-27,Call,Completed,10
1796,13,1531,,2024-02-09,Follow-up,Completed,10
1797,13,1531,,2024-02-18,Meeting,Completed,45
1798,21,1532,248,2024-10-16,Call,Completed,15
1799,21,1532,248,2024-10-29,Follow-up,Completed,20
1800,21,1532,248,2024-10-24,Meeting,Completed,60
1801,17,1539,,2025-06-24,Call,Completed,15
1802,21,1540,,2025-11-20,Call,Completed,15
1803,21,1542,,2025-10-17,Call,Completed,20
1804,21,1542,,2025-10-09,Follow-up,Completed,10
1805,11,1545,,2024-06-23,Call,Completed,30
1806,11,1545,,2024-06-21,Follow-up,Completed,10
1807,11,1545,,2024-06-16,Meeting,Completed,45
1808,13,1546,249,2025-11-19,Call,Completed,10
1809,13,1546,249,2025-12-02,Follow-up,Completed,15
1810,13,1546,249,2025-12-13,Meeting,Completed,30
1811,20,1547,,2025-01-19,Follow-up,Completed,20
1812,20,1547,,2025-02-16,Meeting,Completed,45
1813,10,1548,,2024-04-28,Follow-up,Completed,20
1814,3,1550,,2025-03-12,Call,Completed,20
1815,24,1551,250,2026-01-16,Call,Completed,30
1816,24,1551,250,2025-12-31,Follow-up,Completed,10
1817,8,1552,251,2024-03-10,Call,Completed,15
1818,8,1552,251,2024-03-23,Follow-up,Completed,10
1819,8,1552,251,2024-04-11,Meeting,Completed,45
1820,10,1553,,2024-03-29,Call,Completed,20
1821,10,1553,,2024-03-24,Follow-up,Completed,20
1822,13,1554,,2025-08-10,Call,Completed,30
1823,8,1555,,2024-12-04,Call,Completed,15
1824,8,1556,,2024-03-11,Follow-up,Completed,30
1825,2,1558,,2025-08-27,Call,Completed,10
1826,11,1559,,2024-11-02,Call,Completed,30
1827,11,1559,,2024-10-27,Follow-up,Completed,10
1828,11,1559,,2024-11-24,Meeting,Completed,60
1829,15,1560,,2025-01-24,Call,Completed,30
1830,15,1560,,2025-01-18,Follow-up,Completed,15
1831,9,1561,252,2025-12-11,Call,Completed,10
1832,9,1561,252,2025-12-30,Meeting,Completed,60
1833,14,1564,,2024-06-11,Call,Completed,15
1834,14,1564,,2024-06-24,Meeting,Completed,60
1835,22,1565,,2024-02-10,Call,Completed,15
1836,22,1565,,2024-02-08,Follow-up,Completed,15
1837,9,1566,,2024-10-22,Follow-up,Completed,15
1838,13,1567,,2025-09-28,Call,Completed,10
1839,13,1567,,2025-09-29,Follow-up,Completed,15
1840,13,1567,,2025-10-06,Meeting,Completed,30
1841,16,1569,,2024-12-26,Call,Completed,20
1842,16,1569,,2025-01-06,Meeting,Completed,45
1843,18,1571,,2025-04-03,Call,Completed,15
1844,18,1571,,2025-03-18,Follow-up,Completed,10
1845,20,1572,,2024-12-17,Follow-up,Completed,30
1846,23,1574,253,2024-04-10,Follow-up,Completed,30
1847,23,1574,253,2024-04-11,Meeting,Completed,45
1848,19,1575,,2025-01-17,Call,Completed,30
1849,19,1575,,2025-01-19,Follow-up,Completed,20
1850,19,1575,,2025-02-18,Meeting,Completed,30
1851,16,1576,254,2024-03-20,Call,Completed,10
1852,16,1576,254,2024-04-03,Follow-up,Completed,30
1853,8,1577,,2026-01-02,Follow-up,Completed,30
1854,8,1577,,2026-01-08,Meeting,Completed,45
1855,17,1579,,2025-06-20,Call,Completed,30
1856,3,1582,,2025-07-05,Call,Completed,20
1857,3,1582,,2025-06-28,Follow-up,Completed,15
1858,21,1583,,2024-10-05,Call,Completed,30
1859,6,1585,,2024-11-11,Call,Completed,15
1860,6,1585,,2024-11-05,Follow-up,Completed,10
1861,2,1586,256,2025-04-14,Call,Completed,20
1862,2,1586,256,2025-04-09,Follow-up,Completed,10
1863,19,1587,,2025-07-17,Call,Completed,10
1864,19,1587,,2025-07-08,Follow-up,Completed,30
1865,5,1588,,2024-12-19,Follow-up,Completed,20
1866,13,1590,257,2024-12-04,Call,Completed,10
1867,1,1592,,2024-01-12,Call,Completed,30
1868,1,1592,,2024-01-13,Follow-up,Completed,30
1869,3,1593,,2024-11-11,Follow-up,Completed,10
1870,17,1595,,2025-07-04,Follow-up,Completed,15
1871,17,1595,,2025-07-01,Meeting,Completed,45
1872,14,1597,258,2025-09-08,Follow-up,Completed,30
1873,14,1597,258,2025-10-06,Meeting,Completed,30
1874,12,1599,,2024-05-01,Follow-up,Completed,20
1875,12,1599,,2024-05-12,Meeting,Completed,45
1876,14,1600,,2025-04-15,Follow-up,Completed,20
1877,8,1602,,2024-04-03,Follow-up,Completed,15
1878,12,1603,,2025-03-30,Call,Completed,15
1879,12,1603,,2025-03-21,Follow-up,Completed,10
1880,18,1604,,2025-05-23,Call,Completed,15
1881,18,1604,,2025-05-11,Follow-up,Completed,15
1882,2,1606,,2025-01-07,Call,Completed,15
1883,2,1606,,2025-01-01,Follow-up,Completed,30
1884,17,1607,259,2025-06-14,Follow-up,Completed,10
1885,17,1607,259,2025-06-30,Meeting,Completed,30
1886,21,1608,260,2025-03-04,Call,Completed,30
1887,13,1610,,2025-10-22,Call,Completed,10
1888,13,1610,,2025-10-09,Follow-up,Completed,20
1889,13,1610,,2025-10-23,Meeting,Completed,60
1890,24,1613,,2025-05-15,Call,Completed,20
1891,24,1613,,2025-06-06,Follow-up,Completed,10
1892,24,1613,,2025-05-23,Meeting,Completed,60
1893,21,1615,261,2024-05-17,Call,Completed,20
1894,16,1616,,2025-03-03,Follow-up,Completed,20
1895,4,1617,,2024-07-05,Call,Completed,30
1896,4,1617,,2024-06-28,Follow-up,Completed,30
1897,17,1618,262,2025-08-30,Call,Completed,30
1898,17,1618,262,2025-09-12,Meeting,Completed,45
1899,8,1620,,2025-11-18,Call,Completed,15
1900,8,1620,,2025-11-16,Follow-up,Completed,30
1901,24,1621,,2024-09-15,Call,Completed,15
1902,24,1621,,2024-09-09,Follow-up,Completed,20
1903,9,1628,,2025-12-23,Call,Completed,30
1904,14,1629,263,2024-02-05,Call,Completed,10
1905,14,1629,263,2024-01-18,Follow-up,Completed,10
1906,14,1629,263,2024-02-13,Meeting,Completed,60
1907,8,1630,,2024-01-12,Follow-up,Completed,30
1908,13,1632,,2025-05-20,Call,Completed,30
1909,13,1632,,2025-05-24,Meeting,Completed,45
1910,14,1633,264,2024-03-19,Call,Completed,10
1911,14,1633,264,2024-03-25,Follow-up,Completed,20
1912,14,1633,264,2024-04-12,Meeting,Completed,30
1913,24,1634,,2025-07-23,Follow-up,Completed,20
1914,24,1634,,2025-07-30,Meeting,Completed,30
1915,22,1636,,2025-12-31,Call,Completed,10
1916,22,1636,,2025-12-23,Follow-up,Completed,10
1917,24,1638,265,2025-02-21,Follow-up,Completed,20
1918,21,1641,,2025-04-12,Call,Completed,15
1919,21,1641,,2025-04-16,Follow-up,Completed,30
1920,18,1642,,2025-05-25,Call,Completed,15
1921,18,1642,,2025-05-07,Follow-up,Completed,10
1922,18,1642,,2025-05-18,Meeting,Completed,45
1923,23,1643,266,2024-01-29,Call,Completed,15
1924,23,1643,266,2024-02-18,Follow-up,Completed,15
1925,23,1643,266,2024-02-02,Meeting,Completed,30
1926,23,1644,267,2024-07-13,Call,Completed,30
1927,23,1644,267,2024-07-16,Follow-up,Completed,30
1928,23,1644,267,2024-07-08,Meeting,Completed,30
1929,18,1645,,2025-06-06,Call,Completed,20
1930,22,1647,268,2025-01-28,Call,Completed,10
1931,22,1647,268,2025-01-15,Follow-up,Completed,30
1932,8,1649,,2024-08-28,Follow-up,Completed,30
1933,8,1649,,2024-08-28,Meeting,Completed,60
1934,8,1650,,2025-08-13,Follow-up,Completed,30
1935,10,1651,,2025-10-21,Call,Completed,20
1936,10,1651,,2025-10-14,Meeting,Completed,30
1937,1,1653,,2024-10-20,Follow-up,Completed,10
1938,1,1653,,2024-10-26,Meeting,Completed,60
1939,16,1655,,2024-12-13,Call,Completed,15
1940,23,1656,,2024-09-02,Call,Completed,15
1941,23,1656,,2024-08-04,Follow-up,Completed,10
1942,23,1656,,2024-09-06,Meeting,Completed,30
1943,5,1657,,2024-07-21,Call,Completed,30
1944,5,1657,,2024-08-03,Follow-up,Completed,20
1945,15,1661,,2024-06-17,Call,Completed,30
1946,15,1661,,2024-06-18,Follow-up,Completed,30
1947,2,1662,,2025-08-24,Call,Completed,30
1948,2,1662,,2025-08-31,Follow-up,Completed,10
1949,2,1662,,2025-09-10,Meeting,Completed,45
1950,12,1663,269,2025-08-21,Follow-up,Completed,15
1951,12,1663,269,2025-08-06,Meeting,Completed,45
1952,12,1664,,2025-01-27,Call,Completed,15
1953,12,1664,,2025-01-27,Follow-up,Completed,10
1954,21,1666,,2024-05-29,Call,Completed,30
1955,21,1666,,2024-06-06,Follow-up,Completed,15
1956,8,1667,,2025-03-15,Call,Completed,10
1957,8,1667,,2025-03-07,Follow-up,Completed,15
1958,2,1670,,2024-03-12,Call,Completed,30
1959,6,1671,270,2024-04-05,Call,Completed,15
1960,6,1671,270,2024-03-29,Follow-up,Completed,15
1961,6,1671,270,2024-04-10,Meeting,Completed,30
1962,17,1672,,2025-04-02,Call,Completed,30
1963,17,1672,,2025-03-26,Follow-up,Completed,20
1964,3,1676,271,2025-10-18,Call,Completed,30
1965,3,1676,271,2025-10-22,Follow-up,Completed,10
1966,3,1676,271,2025-10-04,Meeting,Completed,45
1967,3,1677,,2024-04-30,Call,Completed,10
1968,3,1677,,2024-04-27,Follow-up,Completed,20
1969,1,1678,,2025-02-07,Follow-up,Completed,15
1970,1,1678,,2025-01-28,Meeting,Completed,60
1971,20,1681,,2025-04-02,Call,Completed,15
1972,20,1681,,2025-03-21,Follow-up,Completed,20
1973,22,1685,,2025-09-30,Follow-up,Completed,10
1974,17,1687,,2025-06-18,Follow-up,Completed,15
1975,17,1687,,2025-06-17,Meeting,Completed,60
1976,9,1688,,2024-12-19,Follow-up,Completed,10
1977,9,1688,,2024-12-15,Meeting,Completed,30
1978,23,1689,,2025-07-06,Call,Completed,30
1979,24,1690,,2024-12-12,Follow-up,Completed,15
1980,15,1691,,2025-12-17,Call,Completed,15
1981,15,1691,,2025-12-26,Follow-up,Completed,20
1982,15,1691,,2026-01-11,Meeting,Completed,45
1983,4,1694,,2025-10-10,Call,Completed,20
1984,4,1694,,2025-09-29,Follow-up,Completed,10
1985,4,1694,,2025-10-18,Meeting,Completed,30
1986,3,1696,,2024-09-30,Call,Completed,15
1987,3,1696,,2024-10-23,Follow-up,Completed,30
1988,20,1697,,2025-04-19,Call,Completed,30
1989,14,1700,,2024-07-06,Follow-up,Completed,10
1990,14,1700,,2024-07-28,Meeting,Completed,60
1991,16,1701,,2025-09-22,Follow-up,Completed,30
1992,5,1702,,2026-01-06,Follow-up,Completed,20
1993,15,1705,,2025-12-13,Call,Completed,15
1994,15,1705,,2025-12-07,Follow-up,Completed,20
1995,3,1706,,2024-05-16,Call,Completed,30
1996,3,1706,,2024-05-13,Follow-up,Completed,10
1997,23,1707,,2024-11-13,Call,Completed,30
1998,23,1707,,2024-11-28,Follow-up,Completed,20
1999,15,1713,272,2024-03-05,Call,Completed,30
2000,15,1713,272,2024-03-01,Follow-up,Completed,15
2001,15,1713,272,2024-03-01,Meeting,Completed,30
2002,24,1714,,2025-12-16,Call,Completed,10
2003,20,1715,,2024-12-10,Call,Completed,15
2004,20,1715,,2024-12-13,Follow-up,Completed,20
2005,9,1716,,2024-06-17,Call,Completed,10
2006,9,1716,,2024-06-20,Follow-up,Completed,10
2007,12,1718,,2025-04-01,Call,Completed,10
2008,12,1718,,2025-04-08,Meeting,Completed,30
2009,7,1719,,2024-12-10,Follow-up,Completed,30
2010,7,1719,,2024-12-29,Meeting,Completed,60
2011,19,1721,273,2024-12-22,Call,Completed,10
2012,19,1721,273,2024-12-27,Follow-up,Completed,20
2013,20,1722,,2024-10-22,Call,Completed,20
2014,20,1722,,2024-10-03,Follow-up,Completed,15
2015,1,1725,,2025-08-28,Follow-up,Completed,20
2016,10,1726,274,2025-05-22,Call,Completed,10
2017,8,1727,275,2024-02-28,Call,Completed,10
2018,8,1727,275,2024-03-03,Follow-up,Completed,30
2019,8,1727,275,2024-02-26,Meeting,Completed,30
2020,16,1728,,2025-04-14,Call,Completed,15
2021,16,1728,,2025-04-22,Follow-up,Completed,15
2022,21,1730,,2025-12-03,Call,Completed,10
2023,15,1732,276,2024-02-21,Call,Completed,15
2024,15,1732,276,2024-03-03,Meeting,Completed,30
2025,18,1733,,2025-12-30,Call,Completed,20
2026,18,1733,,2026-01-11,Follow-up,Completed,20
2027,18,1733,,2026-01-21,Meeting,Completed,45
2028,9,1734,,2025-06-26,Follow-up,Completed,15
2029,9,1734,,2025-07-03,Meeting,Completed,45
2030,15,1735,,2025-06-01,Call,Completed,20
2031,15,1735,,2025-05-10,Follow-up,Completed,20
2032,15,1735,,2025-05-31,Meeting,Completed,30
2033,7,1736,,2025-12-21,Call,Completed,15
2034,7,1736,,2026-01-15,Meeting,Completed,60
2035,24,1737,,2024-02-05,Follow-up,Completed,15
2036,24,1737,,2024-02-13,Meeting,Completed,30
2037,9,1738,,2024-02-08,Call,Completed,20
2038,9,1738,,2024-02-23,Follow-up,Completed,30
2039,24,1741,,2025-04-12,Call,Completed,10
2040,21,1742,,2025-04-09,Follow-up,Completed,30
2041,2,1743,,2025-07-19,Follow-up,Completed,20
2042,2,1743,,2025-08-05,Meeting,Completed,60
2043,15,1744,,2024-03-04,Call,Completed,10
2044,15,1744,,2024-02-10,Follow-up,Completed,20
2045,15,1744,,2024-03-11,Meeting,Completed,60
2046,11,1745,,2024-11-29,Meeting,Completed,30
2047,22,1748,277,2024-11-05,Call,Completed,15
2048,22,1748,277,2024-11-21,Meeting,Completed,60
2049,12,1749,,2025-03-02,Call,Completed,30
2050,12,1749,,2025-03-06,Follow-up,Completed,30
2051,12,1749,,2025-02-27,Meeting,Completed,45
2052,22,1751,,2025-07-02,Call,Completed,10
2053,22,1751,,2025-07-18,Follow-up,Completed,30
2054,22,1751,,2025-07-10,Meeting,Completed,60
2055,19,1752,,2025-06-24,Call,Completed,20
2056,6,1754,,2024-09-30,Call,Completed,30
2057,6,1754,,2024-09-05,Follow-up,Completed,30
2058,21,1755,,2024-05-31,Follow-up,Completed,15
2059,19,1756,,2024-03-26,Call,Completed,15
2060,19,1756,,2024-03-09,Follow-up,Completed,20
2061,19,1756,,2024-03-20,Meeting,Completed,45
2062,22,1757,,2025-07-21,Follow-up,Completed,10
2063,22,1757,,2025-07-09,Meeting,Completed,45
2064,17,1758,,2025-10-10,Follow-up,Completed,30
2065,23,1759,,2024-02-25,Call,Completed,15
2066,23,1759,,2024-02-28,Follow-up,Completed,30
2067,11,1762,,2025-02-25,Follow-up,Completed,10
2068,11,1762,,2025-03-16,Meeting,Completed,45
2069,5,1764,278,2024-06-30,Follow-up,Completed,20
2070,5,1764,278,2024-06-27,Meeting,Completed,45
2071,19,1766,280,2025-12-05,Call,Completed,30
2072,3,1767,,2024-01-13,Call,Completed,30
2073,3,1767,,2024-01-23,Follow-up,Completed,30
2074,3,1767,,2024-02-04,Meeting,Completed,60
2075,20,1768,,2025-10-06,Call,Completed,20
2076,20,1768,,2025-09-24,Follow-up,Completed,20
2077,20,1768,,2025-10-01,Meeting,Completed,30
2078,22,1770,,2025-02-15,Call,Completed,30
2079,22,1770,,2025-02-12,Follow-up,Completed,15
2080,3,1772,281,2025-03-26,Call,Completed,30
2081,3,1772,281,2025-04-05,Follow-up,Completed,10
2082,23,1777,,2024-12-11,Call,Completed,10
2083,23,1777,,2024-12-14,Follow-up,Completed,20
2084,3,1778,,2025-09-07,Call,Completed,20
2085,3,1778,,2025-09-19,Follow-up,Completed,30
2086,7,1779,,2025-06-26,Follow-up,Completed,30
2087,7,1779,,2025-06-26,Meeting,Completed,60
2088,10,1780,,2024-09-06,Call,Completed,30
2089,10,1780,,2024-09-02,Follow-up,Completed,30
2090,10,1780,,2024-09-16,Meeting,Completed,60
2091,10,1781,282,2025-03-20,Call,Completed,20
2092,10,1781,282,2025-03-29,Follow-up,Completed,10
2093,18,1782,,2024-03-22,Call,Completed,10
2094,18,1782,,2024-03-10,Follow-up,Completed,20
2095,11,1783,,2024-05-21,Call,Completed,30
2096,11,1783,,2024-05-17,Follow-up,Completed,30
2097,11,1783,,2024-05-18,Meeting,Completed,60
2098,20,1784,283,2024-06-20,Follow-up,Completed,30
2099,20,1784,283,2024-07-10,Meeting,Completed,30
2100,14,1785,284,2024-01-31,Call,Completed,30
2101,23,1786,,2024-06-20,Meeting,Completed,60
2102,20,1787,,2024-12-10,Call,Completed,10
2103,20,1787,,2024-11-17,Follow-up,Completed,10
2104,8,1788,,2024-12-15,Call,Completed,15
2105,8,1788,,2024-12-09,Follow-up,Completed,15
2106,8,1788,,2024-12-22,Meeting,Completed,30
2107,18,1791,,2025-06-08,Call,Completed,30
2108,18,1791,,2025-05-30,Follow-up,Completed,15
2109,3,1793,,2024-08-11,Call,Completed,10
2110,7,1797,,2026-01-10,Call,Completed,15
2111,7,1797,,2025-12-30,Follow-up,Completed,15
2112,7,1797,,2026-01-16,Meeting,Completed,30
2113,2,1799,,2024-09-13,Call,Completed,20
2114,2,1799,,2024-09-28,Follow-up,Completed,30
2115,2,1799,,2024-10-07,Meeting,Completed,60
