lead_id,lead_source_id,assigned_advisor_id,created_date,contacted_date,qualified_date,converted_date,lead_status,estimated_asset_band,client_id
1,7,21,2024-11-01,,,,New,Core,
2,3,6,2025-07-06,,,,New,High Value,
3,5,11,2025-05-15,2025-05-20,,,Contacted,Emerging,
4,5,5,2024-05-11,,,,New,High Value,
5,5,20,2025-03-09,,,,New,High Value,
6,6,7,2025-12-31,2026-01-06,,,Contacted,Core,
7,2,19,2024-08-13,2024-08-14,,,Contacted,Emerging,
8,2,9,2025-11-16,2025-11-26,2025-12-06,,Qualified,Core,
9,4,14,2025-04-23,,,,New,Emerging,
10,6,4,2024-03-03,2024-03-07,2024-03-11,,Qualified,Emerging,
11,5,1,2024-04-05,,,,New,Mass Affluent,
12,4,16,2024-08-06,,,,New,High Value,
13,1,13,2024-09-28,,,,New,Mass Affluent,
14,6,24,2025-07-23,2025-07-27,2025-07-28,2025-09-06,Converted,Mass Affluent,1
15,2,12,2024-03-11,,,,New,Core,
16,7,18,2025-12-21,2025-12-30,,,Contacted,Emerging,
17,2,9,2024-04-28,,,,New,Mass Affluent,
18,3,20,2024-08-03,2024-08-08,2024-08-17,,Qualified,Core,
19,3,5,2025-10-14,,,,New,Emerging,
20,6,14,2025-07-28,2025-07-31,2025-08-09,,Qualified,Emerging,
21,2,22,2024-04-15,2024-04-25,2024-05-07,,Qualified,Emerging,
22,4,1,2024-07-02,,,,New,Core,
23,7,22,2024-09-11,2024-09-13,,,Contacted,Core,
24,7,8,2024-08-16,2024-08-18,2024-08-31,2024-09-20,Converted,Core,2
25,7,4,2025-03-11,2025-03-20,,,Contacted,Core,
26,5,20,2024-11-20,,,,New,Mass Affluent,
27,6,17,2025-03-12,,,,New,Core,
28,6,16,2025-04-05,2025-04-14,2025-04-22,,Qualified,Core,
29,2,8,2025-01-27,,,,New,Mass Affluent,
30,4,11,2025-07-09,2025-07-16,2025-07-29,,Qualified,Core,
31,7,14,2025-07-05,2025-07-09,2025-07-17,,Qualified,Emerging,
32,2,20,2025-06-30,2025-07-01,2025-07-03,,Qualified,Core,
33,4,9,2025-03-07,2025-03-16,2025-03-17,2025-04-11,Converted,Emerging,3
34,6,20,2024-05-03,,,,New,Core,
35,5,14,2025-11-08,2025-11-15,2025-11-29,,Qualified,Core,
36,3,20,2025-07-05,,,,New,Core,
37,5,9,2024-11-26,,,,New,Mass Affluent,
38,4,8,2025-04-20,2025-04-28,2025-05-12,2025-06-04,Converted,Emerging,4
39,6,18,2025-12-07,2025-12-17,2025-12-30,,Qualified,Core,
40,1,18,2024-10-26,,,,New,Emerging,
41,4,4,2024-01-13,,,,New,Core,
42,2,2,2024-09-15,,,,New,Core,
43,4,16,2024-03-16,2024-03-19,,,Contacted,Emerging,
44,7,14,2025-09-12,2025-09-19,2025-09-27,,Qualified,High Value,
45,7,7,2025-10-02,2025-10-05,2025-10-14,2025-10-21,Converted,Emerging,5
46,6,19,2024-10-22,2024-10-29,2024-11-03,,Qualified,Core,
47,1,3,2024-08-22,,,,New,Mass Affluent,
48,1,22,2024-10-02,2024-10-05,,,Contacted,Core,
49,4,3,2025-04-26,2025-04-29,2025-05-05,,Qualified,Core,
50,3,4,2025-02-17,,,,New,Mass Affluent,
51,7,18,2025-04-18,2025-04-26,2025-05-07,2025-06-07,Converted,Mass Affluent,6
52,2,3,2024-10-09,,,,New,Mass Affluent,
53,7,17,2024-09-30,,,,New,Emerging,
54,5,19,2025-11-06,2025-11-12,2025-11-18,,Qualified,Core,
55,4,8,2025-02-24,2025-03-03,,,Contacted,Core,
56,5,11,2024-04-12,,,,New,Core,
57,4,1,2024-05-27,2024-06-04,2024-06-17,2024-07-06,Converted,Core,7
58,1,10,2024-11-30,2024-12-09,2024-12-15,2025-01-20,Converted,Core,8
59,2,2,2024-02-08,2024-02-17,2024-02-20,2024-03-18,Converted,Core,9
60,2,22,2025-04-30,2025-05-02,,,Contacted,Core,
61,5,18,2024-12-03,,,,New,Core,
62,7,14,2024-02-22,,,,New,Core,
63,5,17,2024-08-05,2024-08-11,2024-08-25,,Qualified,Core,
64,7,20,2025-09-20,2025-09-25,2025-09-26,,Qualified,Emerging,
65,6,1,2024-04-03,,,,New,Emerging,
66,3,6,2025-01-13,2025-01-23,2025-01-25,,Qualified,Mass Affluent,
67,4,14,2024-10-06,2024-10-08,2024-10-13,2024-11-22,Converted,Core,10
68,2,3,2025-06-06,2025-06-12,2025-06-18,2025-08-01,Converted,Mass Affluent,11
69,4,19,2025-10-29,2025-10-30,2025-11-07,2025-11-16,Converted,Mass Affluent,12
70,3,4,2025-07-25,,,,New,Emerging,
71,6,20,2024-06-02,2024-06-08,2024-06-13,2024-07-27,Converted,Mass Affluent,13
72,7,7,2025-01-11,,,,New,Core,
73,7,10,2025-01-26,2025-01-30,2025-02-12,2025-03-25,Converted,Emerging,14
74,5,8,2024-05-27,2024-06-06,2024-06-13,,Qualified,Emerging,
75,3,9,2024-01-17,2024-01-19,2024-02-01,2024-03-12,Converted,Mass Affluent,15
76,3,23,2024-03-07,2024-03-10,2024-03-22,2024-05-04,Converted,Emerging,16
77,7,6,2024-12-01,,,,New,Mass Affluent,
78,2,16,2025-06-11,2025-06-19,,,Contacted,Emerging,
79,1,2,2024-10-15,,,,New,Mass Affluent,
80,4,10,2025-07-03,2025-07-08,2025-07-20,2025-08-15,Converted,Mass Affluent,17
81,2,20,2025-06-11,2025-06-17,,,Contacted,Emerging,
82,3,17,2025-06-05,,,,New,Mass Affluent,
83,7,1,2025-01-12,2025-01-17,2025-01-30,,Qualified,Mass Affluent,
84,6,2,2025-08-20,,,,New,Core,
85,7,13,2024-05-31,,,,New,Emerging,
86,6,4,2024-07-14,2024-07-18,2024-07-25,2024-08-29,Converted,Mass Affluent,18
87,6,9,2025-05-05,2025-05-10,,,Contacted,High Value,
88,6,17,2024-08-19,,,,New,Emerging,
89,6,16,2024-04-12,,,,New,Emerging,
90,2,14,2025-10-30,,,,New,Mass Affluent,
91,2,10,2024-11-24,2024-12-04,2024-12-08,,Qualified,Core,
92,7,6,2024-02-07,,,,New,Core,
93,6,10,2024-02-08,2024-02-14,2024-02-19,2024-03-22,Converted,High Value,19
94,4,17,2025-12-21,2025-12-23,,,Contacted,Emerging,
95,5,15,2024-04-29,,,,New,Mass Affluent,
96,5,15,2024-02-26,2024-02-27,2024-03-07,,Qualified,Core,
97,1,2,2025-03-09,2025-03-11,2025-03-19,,Qualified,Emerging,
98,4,12,2025-01-26,2025-02-02,,,Contacted,Core,
99,5,13,2025-06-25,2025-06-26,,,Contacted,Mass Affluent,
100,7,8,2024-09-10,2024-09-12,2024-09-13,2024-10-28,Converted,Core,20
101,3,1,2024-08-04,,,,New,High Value,
102,7,16,2024-09-05,,,,New,Mass Affluent,
103,2,18,2024-11-25,,,,New,Core,
104,3,10,2024-09-24,2024-10-02,,,Contacted,Emerging,
105,3,11,2025-02-27,2025-03-02,,,Contacted,Emerging,
106,5,8,2025-05-26,2025-06-01,,,Contacted,Emerging,
107,4,15,2024-06-21,,,,New,Core,
108,5,16,2024-07-07,,,,New,Core,
109,1,17,2024-02-04,,,,New,Emerging,
110,1,1,2025-02-26,2025-03-01,2025-03-02,2025-03-18,Converted,Core,21
111,2,11,2024-01-17,,,,New,Core,
112,6,13,2024-03-19,2024-03-26,2024-04-06,,Qualified,Mass Affluent,
113,6,12,2024-02-24,2024-03-05,2024-03-18,2024-04-29,Converted,High Value,22
114,4,20,2025-09-23,2025-09-30,2025-10-06,2025-11-17,Converted,Core,23
115,6,15,2025-12-26,2025-12-28,,,Contacted,Mass Affluent,
116,2,9,2025-11-05,2025-11-13,2025-11-23,,Qualified,Core,
117,5,21,2024-03-28,2024-03-31,2024-04-11,,Qualified,Core,
118,3,8,2025-06-06,,,,New,Core,
119,2,15,2025-01-18,2025-01-28,,,Contacted,Mass Affluent,
120,6,5,2024-12-22,2024-12-30,2025-01-05,,Qualified,Core,
121,7,11,2025-10-25,2025-10-29,,,Contacted,Core,
122,4,21,2024-07-07,2024-07-17,2024-07-21,2024-08-21,Converted,Core,24
123,7,3,2025-03-25,,,,New,Emerging,
124,2,24,2025-08-25,2025-09-04,,,Contacted,Core,
125,5,12,2025-06-29,2025-07-04,2025-07-09,,Qualified,Core,
126,7,21,2024-05-09,2024-05-15,2024-05-29,2024-06-16,Converted,Mass Affluent,25
127,4,20,2025-12-04,2025-12-07,2025-12-20,,Qualified,Emerging,
128,6,3,2024-09-11,2024-09-12,2024-09-26,,Qualified,Mass Affluent,
129,1,8,2025-05-21,2025-05-23,2025-06-01,,Qualified,Mass Affluent,
130,7,3,2024-01-18,2024-01-19,2024-02-01,2024-02-29,Converted,Core,26
131,3,1,2025-11-04,2025-11-09,,,Contacted,Emerging,
132,1,2,2024-08-25,,,,New,Core,
133,3,15,2024-03-27,,,,New,Core,
134,4,3,2025-08-29,2025-09-02,2025-09-07,,Qualified,Emerging,
135,2,5,2025-08-21,2025-08-27,2025-09-03,,Qualified,Emerging,
136,7,22,2024-11-07,,,,New,Mass Affluent,
137,7,11,2024-05-31,2024-06-09,2024-06-10,2024-07-02,Converted,Emerging,27
138,5,11,2025-12-15,2025-12-21,2025-12-31,,Qualified,Core,
139,1,17,2025-05-04,2025-05-08,,,Contacted,Mass Affluent,
140,7,17,2025-01-08,,,,New,Core,
141,4,19,2024-04-13,2024-04-20,2024-05-03,,Qualified,Core,
142,6,23,2024-10-28,2024-11-07,,,Contacted,Core,
143,5,11,2025-09-18,2025-09-21,2025-09-27,,Qualified,Mass Affluent,
144,1,12,2024-09-19,,,,New,Mass Affluent,
145,4,24,2025-03-05,,,,New,Mass Affluent,
146,4,12,2025-07-13,2025-07-23,,,Contacted,Core,
147,3,9,2024-04-17,2024-04-19,2024-04-28,,Qualified,High Value,
148,6,6,2025-09-13,,,,New,Emerging,
149,2,7,2025-02-23,,,,New,Mass Affluent,
150,3,22,2024-10-15,2024-10-24,2024-11-07,2024-12-11,Converted,Emerging,28
151,7,23,2024-02-05,2024-02-15,,,Contacted,Core,
152,2,2,2025-03-09,2025-03-13,,,Contacted,High Value,
153,5,13,2025-07-19,2025-07-20,2025-08-02,,Qualified,Mass Affluent,
154,5,4,2024-10-19,,,,New,Mass Affluent,
155,3,13,2025-11-01,2025-11-06,2025-11-13,2025-11-25,Converted,Core,29
156,6,14,2025-09-11,2025-09-18,2025-09-30,2025-11-03,Converted,Mass Affluent,30
157,3,15,2025-06-01,2025-06-02,,,Contacted,Emerging,
158,5,12,2024-12-18,2024-12-20,,,Contacted,Emerging,
159,6,7,2024-10-02,,,,New,Core,
160,7,22,2024-01-10,2024-01-11,2024-01-15,2024-02-03,Converted,Core,31
161,3,21,2024-04-01,2024-04-08,2024-04-21,,Qualified,Mass Affluent,
162,5,3,2025-04-28,,,,New,Core,
163,4,17,2024-11-01,2024-11-04,,,Contacted,Emerging,
164,4,11,2025-10-08,,,,New,Emerging,
165,4,9,2024-08-02,,,,New,Emerging,
166,4,3,2024-05-12,2024-05-20,2024-05-27,2024-05-30,Converted,Emerging,32
167,4,2,2024-04-12,,,,New,Mass Affluent,
168,3,22,2024-11-16,2024-11-17,2024-11-18,,Qualified,Mass Affluent,
169,7,11,2024-07-06,2024-07-13,2024-07-25,,Qualified,Mass Affluent,
170,5,16,2025-08-05,,,,New,Emerging,
171,3,20,2024-01-30,,,,New,Mass Affluent,
172,2,16,2025-05-14,2025-05-19,2025-05-30,2025-06-22,Converted,Emerging,33
173,3,9,2024-02-21,,,,New,Core,
174,7,8,2024-03-21,2024-03-29,,,Contacted,Emerging,
175,1,4,2025-02-17,2025-02-19,2025-03-04,2025-04-14,Converted,High Value,34
176,2,23,2024-12-12,2024-12-22,2024-12-24,,Qualified,Mass Affluent,
177,7,19,2025-05-09,,,,New,Mass Affluent,
178,6,19,2024-06-26,2024-07-06,2024-07-16,,Qualified,Mass Affluent,
179,3,13,2024-12-17,,,,New,Core,
180,4,20,2025-12-17,,,,New,Core,
181,5,11,2025-12-29,,,,New,Core,
182,2,20,2024-10-24,2024-10-27,,,Contacted,High Value,
183,5,19,2025-11-14,2025-11-23,2025-11-28,,Qualified,Mass Affluent,
184,7,6,2024-10-20,,,,New,Emerging,
185,7,10,2024-07-27,2024-07-29,2024-08-08,,Qualified,Mass Affluent,
186,2,17,2025-12-13,2025-12-20,2025-12-27,,Qualified,High Value,
187,7,15,2024-08-18,,,,New,Mass Affluent,
188,7,19,2025-07-13,2025-07-17,2025-07-22,,Qualified,Core,
189,2,6,2025-08-21,,,,New,Emerging,
190,2,2,2024-06-06,,,,New,Core,
191,6,20,2025-11-08,2025-11-17,,,Contacted,Core,
192,7,17,2024-06-12,2024-06-16,2024-06-20,2024-08-04,Converted,Core,35
193,6,11,2024-02-08,2024-02-17,2024-02-19,,Qualified,Core,
194,5,1,2025-10-18,,,,New,Emerging,
195,1,23,2024-03-15,2024-03-20,2024-03-30,2024-04-07,Converted,Emerging,36
196,5,19,2025-01-08,,,,New,High Value,
197,3,8,2024-08-14,,,,New,Core,
198,3,5,2025-11-26,,,,New,Mass Affluent,
199,3,10,2025-05-13,2025-05-18,2025-06-01,,Qualified,Mass Affluent,
200,7,17,2025-10-08,2025-10-18,2025-10-22,,Qualified,High Value,
201,2,15,2025-05-28,2025-06-01,2025-06-15,,Qualified,High Value,
202,6,5,2025-05-10,,,,New,Emerging,
203,2,3,2024-09-27,2024-10-03,2024-10-10,2024-11-12,Converted,High Value,37
204,7,14,2024-01-23,2024-01-26,2024-02-06,,Qualified,Core,
205,4,20,2025-07-31,2025-08-05,,,Contacted,High Value,
206,7,14,2025-09-07,2025-09-17,2025-09-28,,Qualified,Core,
207,4,13,2024-05-15,2024-05-24,2024-06-04,,Qualified,Core,
208,7,4,2024-04-05,2024-04-06,2024-04-19,,Qualified,Core,
209,7,16,2025-01-25,2025-02-04,,,Contacted,Emerging,
210,5,18,2025-02-22,2025-02-23,2025-03-05,,Qualified,Core,
211,3,9,2025-07-02,2025-07-09,2025-07-22,2025-08-07,Converted,Core,38
212,7,6,2025-10-17,2025-10-26,2025-10-31,,Qualified,Emerging,
213,3,8,2025-11-01,2025-11-08,2025-11-14,,Qualified,Core,
214,7,18,2025-08-19,2025-08-24,,,Contacted,Emerging,
215,4,17,2024-04-19,,,,New,Core,
216,1,17,2024-09-20,,,,New,Mass Affluent,
217,6,15,2025-01-21,2025-01-27,,,Contacted,High Value,
218,7,8,2025-11-24,,,,New,Mass Affluent,
219,3,17,2025-07-02,2025-07-06,,,Contacted,Emerging,
220,3,7,2025-08-10,2025-08-14,,,Contacted,Core,
221,2,8,2025-09-25,2025-09-27,,,Contacted,High Value,
222,3,20,2024-11-18,2024-11-28,,,Contacted,Mass Affluent,
223,7,14,2025-05-04,,,,New,Emerging,
224,7,22,2024-06-27,2024-07-03,2024-07-15,2024-07-18,Converted,Emerging,39
225,4,4,2024-12-25,,,,New,High Value,
226,5,21,2025-10-26,2025-10-31,,,Contacted,Core,
227,3,15,2025-10-08,,,,New,Mass Affluent,
228,3,14,2025-10-08,2025-10-10,2025-10-13,,Qualified,Core,
229,5,15,2025-02-27,2025-03-02,,,Contacted,Mass Affluent,
230,4,18,2024-02-25,2024-02-27,2024-02-29,,Qualified,Emerging,
231,2,1,2024-02-05,,,,New,Mass Affluent,
232,4,15,2025-07-07,,,,New,Core,
233,6,18,2024-06-30,2024-07-10,2024-07-17,,Qualified,Core,
234,3,1,2024-01-01,2024-01-04,,,Contacted,Core,
235,1,14,2024-10-26,2024-11-04,,,Contacted,Core,
236,2,9,2024-03-22,2024-04-01,2024-04-14,,Qualified,Mass Affluent,
237,5,15,2024-10-05,,,,New,Core,
238,2,2,2025-07-01,2025-07-06,,,Contacted,Emerging,
239,3,14,2024-11-15,,,,New,Core,
240,6,2,2024-12-04,2024-12-07,,,Contacted,Emerging,
241,7,9,2025-01-25,,,,New,Emerging,
242,2,13,2025-03-29,2025-04-02,,,Contacted,Core,
243,3,11,2024-06-11,,,,New,Emerging,
244,5,4,2024-09-16,2024-09-17,2024-10-01,,Qualified,Core,
245,7,8,2024-01-10,,,,New,Core,
246,6,20,2024-06-07,2024-06-09,2024-06-20,2024-08-01,Converted,Core,40
247,2,17,2025-11-30,2025-12-06,2025-12-13,,Qualified,Core,
248,4,7,2024-04-11,2024-04-19,2024-04-28,,Qualified,Core,
249,7,3,2025-04-24,,,,New,Emerging,
250,4,12,2025-12-26,2025-12-28,2026-01-11,,Qualified,Emerging,
251,2,17,2025-11-03,2025-11-12,2025-11-19,2025-11-28,Converted,Mass Affluent,41
252,6,11,2025-09-15,2025-09-24,2025-10-06,,Qualified,Emerging,
253,5,1,2025-06-14,2025-06-15,,,Contacted,Emerging,
254,5,18,2025-08-07,,,,New,Emerging,
255,3,5,2024-05-21,2024-05-25,,,Contacted,Emerging,
256,6,11,2025-05-09,2025-05-19,,,Contacted,Mass Affluent,
257,1,11,2024-12-22,,,,New,Core,
258,1,8,2025-10-30,,,,New,High Value,
259,6,13,2024-02-25,2024-02-28,2024-03-05,,Qualified,Core,
260,1,8,2025-03-18,2025-03-20,2025-03-28,2025-05-06,Converted,Mass Affluent,42
261,5,17,2024-09-21,,,,New,Core,
262,6,23,2025-11-15,2025-11-16,2025-11-21,,Qualified,Emerging,
263,6,12,2024-04-20,2024-04-27,,,Contacted,Emerging,
264,5,18,2024-03-31,2024-04-01,2024-04-02,,Qualified,Emerging,
265,2,17,2024-10-09,,,,New,Core,
266,7,1,2025-07-22,,,,New,Emerging,
267,4,22,2024-05-20,2024-05-30,2024-06-13,,Qualified,Core,
268,5,18,2025-12-01,,,,New,Mass Affluent,
269,6,17,2024-05-18,2024-05-21,,,Contacted,Core,
270,7,5,2024-01-31,,,,New,Mass Affluent,
271,4,10,2025-03-29,2025-04-03,,,Contacted,Emerging,
272,5,8,2025-09-02,2025-09-08,,,Contacted,Emerging,
273,3,6,2025-01-31,2025-02-01,2025-02-08,2025-02-11,Converted,High Value,43
274,4,13,2024-11-07,,,,New,Emerging,
275,3,20,2024-02-25,2024-03-04,,,Contacted,Mass Affluent,
276,3,15,2024-01-26,2024-01-30,2024-02-07,,Qualified,Emerging,
277,5,23,2025-01-28,,,,New,High Value,
278,2,13,2025-07-17,2025-07-23,,,Contacted,Core,
279,6,2,2025-03-05,2025-03-13,,,Contacted,Emerging,
280,7,9,2024-01-13,2024-01-22,,,Contacted,Mass Affluent,
281,4,3,2025-09-07,2025-09-17,2025-09-28,,Qualified,Core,
282,7,2,2025-11-14,,,,New,Core,
283,1,2,2024-04-21,2024-05-01,2024-05-12,,Qualified,Mass Affluent,
284,1,3,2024-11-02,2024-11-04,,,Contacted,Mass Affluent,
285,7,9,2024-12-03,,,,New,Core,
286,5,2,2024-04-21,,,,New,High Value,
287,1,16,2025-12-06,2025-12-11,,,Contacted,Core,
288,5,19,2025-05-23,2025-05-26,2025-06-05,,Qualified,Emerging,
289,5,14,2025-02-27,2025-03-03,2025-03-04,,Qualified,Core,
290,3,11,2025-02-09,,,,New,Core,
291,2,7,2024-12-04,,,,New,High Value,
292,4,2,2025-10-23,2025-11-01,2025-11-07,,Qualified,Core,
293,6,11,2025-07-22,2025-07-28,2025-07-30,,Qualified,High Value,
294,5,20,2025-02-02,2025-02-07,2025-02-19,,Qualified,Mass Affluent,
295,2,4,2025-01-18,,,,New,Mass Affluent,
296,4,17,2024-01-26,,,,New,High Value,
297,3,16,2025-06-20,2025-06-22,2025-07-06,,Qualified,High Value,
298,1,22,2025-08-31,,,,New,Core,
299,1,17,2025-11-05,,,,New,Emerging,
300,6,7,2024-11-24,2024-12-02,2024-12-13,,Qualified,Emerging,
301,2,23,2024-10-17,2024-10-23,2024-11-01,,Qualified,Core,
302,5,21,2025-12-07,2025-12-11,2025-12-23,,Qualified,Mass Affluent,
303,4,10,2025-12-01,2025-12-09,,,Contacted,Emerging,
304,6,22,2024-12-04,2024-12-12,,,Contacted,Core,
305,3,20,2025-08-11,2025-08-13,2025-08-19,,Qualified,Core,
306,4,13,2024-03-08,2024-03-18,,,Contacted,Core,
307,6,3,2025-12-29,2026-01-06,2026-01-12,,Qualified,Core,
308,5,13,2024-12-01,2024-12-04,2024-12-14,2025-01-26,Converted,Mass Affluent,44
309,2,16,2024-05-22,2024-05-29,2024-06-01,,Qualified,Emerging,
310,4,22,2025-03-23,,,,New,Emerging,
311,7,14,2025-04-11,,,,New,Mass Affluent,
312,5,6,2025-04-10,2025-04-16,2025-04-20,,Qualified,Emerging,
313,5,19,2025-01-10,2025-01-16,2025-01-18,,Qualified,Core,
314,1,8,2025-04-28,2025-05-07,2025-05-20,,Qualified,Core,
315,4,12,2024-10-28,2024-11-02,2024-11-14,,Qualified,Mass Affluent,
316,6,20,2024-01-28,2024-02-02,2024-02-07,,Qualified,Emerging,
317,6,15,2025-01-13,,,,New,Emerging,
318,4,6,2025-06-24,,,,New,Core,
319,2,20,2024-06-06,,,,New,Mass Affluent,
320,4,8,2025-11-07,2025-11-13,2025-11-14,2025-12-28,Converted,Emerging,45
321,4,22,2024-11-19,,,,New,Mass Affluent,
322,5,21,2024-12-28,,,,New,Core,
323,7,9,2024-12-09,2024-12-14,,,Contacted,Core,
324,2,17,2024-12-11,,,,New,High Value,
325,1,22,2024-01-09,,,,New,Emerging,
326,1,22,2025-04-01,2025-04-06,,,Contacted,Emerging,
327,7,7,2025-09-05,,,,New,Mass Affluent,
328,7,20,2024-05-13,2024-05-23,,,Contacted,Mass Affluent,
329,3,14,2025-12-09,,,,New,Mass Affluent,
330,2,3,2024-10-10,,,,New,Core,
331,1,9,2024-09-28,2024-10-02,2024-10-12,,Qualified,Core,
332,4,23,2024-09-22,2024-09-27,2024-10-10,,Qualified,Core,
333,3,5,2025-12-17,2025-12-25,2026-01-02,2026-02-01,Converted,Core,46
334,1,15,2024-10-23,,,,New,Emerging,
335,4,22,2024-07-14,2024-07-20,2024-07-28,2024-08-05,Converted,Mass Affluent,47
336,4,11,2024-05-03,,,,New,Core,
337,7,7,2024-02-16,,,,New,Core,
338,2,14,2024-06-21,2024-07-01,2024-07-02,,Qualified,Emerging,
339,2,3,2025-12-24,2025-12-31,,,Contacted,Mass Affluent,
340,3,17,2025-04-06,2025-04-16,,,Contacted,Mass Affluent,
341,1,18,2024-08-29,2024-08-31,,,Contacted,Core,
342,4,21,2025-11-06,2025-11-09,2025-11-20,2025-12-23,Converted,Core,48
343,4,19,2025-08-16,2025-08-22,2025-08-26,,Qualified,Mass Affluent,
344,2,3,2025-04-27,2025-05-01,2025-05-11,,Qualified,Core,
345,2,2,2025-12-09,,,,New,Emerging,
346,4,15,2025-03-04,2025-03-14,2025-03-17,,Qualified,Mass Affluent,
347,2,19,2025-04-29,,,,New,Emerging,
348,6,8,2024-09-10,2024-09-20,2024-09-23,,Qualified,High Value,
349,5,2,2025-03-11,,,,New,Core,
350,7,4,2025-04-08,2025-04-15,2025-04-19,,Qualified,Emerging,
351,1,15,2025-04-19,,,,New,Mass Affluent,
352,7,12,2025-10-03,2025-10-05,2025-10-12,,Qualified,Mass Affluent,
353,3,24,2024-02-26,2024-03-03,,,Contacted,Mass Affluent,
354,5,23,2024-03-09,2024-03-12,,,Contacted,High Value,
355,7,23,2024-08-02,,,,New,Mass Affluent,
356,3,17,2025-11-27,2025-12-05,2025-12-13,,Qualified,Core,
357,7,3,2024-07-11,,,,New,Core,
358,2,10,2024-03-19,2024-03-27,2024-03-30,,Qualified,Mass Affluent,
359,1,10,2024-07-12,2024-07-16,,,Contacted,Mass Affluent,
360,6,23,2025-06-26,,,,New,Core,
361,2,10,2024-06-24,,,,New,Emerging,
362,3,2,2024-05-31,2024-06-03,2024-06-15,2024-07-22,Converted,Emerging,49
363,3,2,2025-09-14,,,,New,Core,
364,7,9,2024-07-19,2024-07-21,2024-07-30,,Qualified,Core,
365,3,13,2025-01-16,2025-01-24,2025-02-07,2025-03-17,Converted,Emerging,50
366,6,21,2025-04-28,2025-05-01,2025-05-09,2025-06-22,Converted,Emerging,51
367,3,12,2025-05-11,2025-05-14,,,Contacted,Emerging,
368,6,17,2025-06-28,,,,New,Mass Affluent,
369,4,15,2024-03-19,2024-03-25,2024-03-30,2024-04-25,Converted,Emerging,52
370,5,23,2025-05-01,2025-05-03,2025-05-06,,Qualified,Mass Affluent,
371,5,5,2025-05-22,,,,New,Mass Affluent,
372,1,3,2024-12-01,2024-12-06,2024-12-17,,Qualified,High Value,
373,3,6,2024-01-14,,,,New,Core,
374,4,17,2025-11-05,,,,New,Emerging,
375,6,19,2024-04-14,2024-04-17,,,Contacted,Emerging,
376,7,14,2025-05-26,2025-06-05,,,Contacted,Core,
377,3,16,2025-11-13,2025-11-18,2025-11-21,,Qualified,Mass Affluent,
378,1,6,2025-01-26,2025-02-05,2025-02-07,2025-02-14,Converted,Core,53
379,6,12,2024-10-18,2024-10-24,2024-10-30,2024-12-09,Converted,Emerging,54
380,6,17,2024-07-10,,,,New,Emerging,
381,6,15,2024-10-01,,,,New,Core,
382,7,14,2025-08-02,2025-08-10,2025-08-13,2025-08-31,Converted,Emerging,55
383,1,9,2024-10-11,,,,New,Emerging,
384,6,16,2024-01-21,2024-01-27,,,Contacted,Core,
385,3,22,2025-11-04,,,,New,Core,
386,7,5,2024-08-29,2024-08-31,,,Contacted,Core,
387,3,16,2024-04-02,2024-04-08,2024-04-22,,Qualified,Core,
388,3,15,2025-02-22,2025-02-28,2025-03-12,,Qualified,High Value,
389,5,2,2025-11-09,,,,New,Emerging,
390,6,8,2024-09-16,2024-09-22,2024-10-05,,Qualified,Mass Affluent,
391,3,3,2024-08-29,2024-09-01,,,Contacted,High Value,
392,1,16,2025-04-27,,,,New,High Value,
393,4,4,2024-06-13,,,,New,Core,
394,5,24,2025-07-14,2025-07-15,2025-07-26,2025-09-08,Converted,Emerging,56
395,4,20,2025-03-15,2025-03-18,2025-03-28,,Qualified,Emerging,
396,7,9,2024-10-21,,,,New,Core,
397,2,20,2024-08-08,,,,New,Emerging,
398,4,6,2025-02-22,,,,New,Emerging,
399,2,20,2025-04-06,,,,New,Core,
400,4,3,2024-01-11,2024-01-18,,,Contacted,Mass Affluent,
401,1,18,2024-03-01,2024-03-09,,,Contacted,High Value,
402,5,23,2024-02-16,2024-02-23,2024-03-05,,Qualified,Core,
403,4,5,2024-04-01,2024-04-03,2024-04-09,2024-04-14,Converted,High Value,57
404,4,12,2025-08-27,,,,New,Emerging,
405,1,3,2025-04-16,,,,New,Core,
406,3,20,2025-11-04,2025-11-14,,,Contacted,High Value,
407,1,24,2024-03-13,2024-03-18,2024-03-21,2024-04-08,Converted,High Value,58
408,2,16,2025-10-26,2025-11-04,2025-11-08,,Qualified,Emerging,
409,4,16,2024-01-21,,,,New,Core,
410,5,13,2024-02-22,2024-02-29,2024-03-07,,Qualified,Mass Affluent,
411,6,20,2025-11-25,,,,New,Mass Affluent,
412,1,17,2024-01-20,2024-01-27,2024-02-04,2024-02-14,Converted,Core,59
413,7,15,2024-04-23,,,,New,Mass Affluent,
414,7,4,2025-07-29,2025-08-02,2025-08-08,,Qualified,Emerging,
415,2,4,2024-07-25,2024-07-29,2024-08-12,,Qualified,Mass Affluent,
416,5,14,2024-08-21,2024-08-29,2024-09-12,,Qualified,Core,
417,2,14,2024-03-03,2024-03-06,2024-03-16,,Qualified,Emerging,
418,3,1,2024-10-13,,,,New,Core,
419,4,15,2025-10-21,2025-10-29,2025-11-10,,Qualified,Core,
420,5,11,2025-02-03,,,,New,Mass Affluent,
421,5,10,2024-08-06,2024-08-09,2024-08-10,,Qualified,Emerging,
422,1,24,2024-03-02,,,,New,Emerging,
423,1,2,2025-10-28,,,,New,Core,
424,1,15,2024-12-13,,,,New,Mass Affluent,
425,5,23,2025-10-04,,,,New,Mass Affluent,
426,3,10,2025-11-13,2025-11-16,,,Contacted,Mass Affluent,
427,3,15,2024-04-10,2024-04-12,2024-04-13,,Qualified,Core,
428,4,9,2025-08-21,,,,New,Core,
429,4,24,2025-03-02,,,,New,Emerging,
430,6,15,2024-05-12,,,,New,Core,
431,6,7,2025-04-11,2025-04-20,,,Contacted,Core,
432,5,10,2024-02-11,2024-02-17,2024-02-22,,Qualified,Emerging,
433,7,24,2025-05-15,2025-05-16,2025-05-23,2025-06-25,Converted,Core,60
434,1,9,2024-07-29,2024-08-08,,,Contacted,Core,
435,1,11,2025-03-23,2025-03-30,2025-04-04,,Qualified,Emerging,
436,4,22,2024-06-22,2024-06-25,,,Contacted,Emerging,
437,7,4,2024-02-23,2024-03-04,,,Contacted,Emerging,
438,3,15,2025-07-20,2025-07-24,2025-07-25,,Qualified,Emerging,
439,6,17,2024-07-27,,,,New,Emerging,
440,2,8,2025-07-04,,,,New,High Value,
441,1,1,2025-04-20,,,,New,Core,
442,2,1,2024-03-02,,,,New,Core,
443,7,22,2025-01-24,,,,New,Mass Affluent,
444,7,17,2024-10-15,2024-10-25,,,Contacted,Emerging,
445,3,14,2024-08-03,2024-08-09,,,Contacted,Mass Affluent,
446,6,11,2024-12-15,2024-12-21,,,Contacted,Emerging,
447,4,18,2025-12-14,,,,New,Mass Affluent,
448,7,21,2025-10-28,2025-11-05,2025-11-16,,Qualified,Emerging,
449,2,15,2024-01-10,2024-01-16,2024-01-20,,Qualified,Emerging,
450,2,1,2024-07-19,,,,New,Core,
451,3,19,2025-05-27,2025-06-06,2025-06-17,,Qualified,Mass Affluent,
452,6,9,2024-07-15,,,,New,Emerging,
453,6,18,2025-09-21,2025-09-28,2025-10-09,,Qualified,Core,
454,5,2,2024-08-17,2024-08-26,,,Contacted,Core,
455,2,23,2025-03-09,,,,New,High Value,
456,3,10,2024-03-05,2024-03-06,2024-03-16,2024-04-28,Converted,High Value,61
457,4,16,2025-09-27,2025-09-28,2025-10-01,,Qualified,Emerging,
458,3,1,2025-06-14,,,,New,Core,
459,5,18,2024-02-25,2024-02-29,2024-03-13,,Qualified,Emerging,
460,2,4,2025-04-10,,,,New,High Value,
461,1,21,2024-08-16,2024-08-24,2024-09-05,2024-09-29,Converted,Mass Affluent,62
462,7,19,2025-10-27,2025-10-31,2025-11-07,2025-11-23,Converted,Emerging,63
463,3,13,2024-01-26,2024-02-01,2024-02-03,,Qualified,Emerging,
464,1,12,2024-02-09,2024-02-14,2024-02-19,,Qualified,Mass Affluent,
465,7,23,2025-07-10,,,,New,Emerging,
466,7,12,2025-02-17,,,,New,Mass Affluent,
467,1,16,2025-10-31,2025-11-03,,,Contacted,Mass Affluent,
468,4,11,2024-03-28,2024-04-04,2024-04-08,,Qualified,Core,
469,7,12,2024-12-13,2024-12-22,2024-12-27,,Qualified,Core,
470,5,20,2025-08-10,,,,New,High Value,
471,4,3,2025-07-01,2025-07-09,2025-07-20,2025-08-11,Converted,Emerging,64
472,7,23,2025-11-11,2025-11-21,2025-11-25,,Qualified,Core,
473,5,11,2025-08-05,,,,New,Core,
474,6,3,2024-10-21,2024-10-27,,,Contacted,Mass Affluent,
475,2,20,2025-03-18,2025-03-21,,,Contacted,Mass Affluent,
476,6,18,2024-10-25,,,,New,Emerging,
477,2,16,2025-02-25,,,,New,Core,
478,1,4,2025-05-31,,,,New,Core,
479,3,7,2025-06-02,2025-06-10,2025-06-17,,Qualified,Core,
480,6,24,2025-04-20,2025-04-24,2025-05-06,,Qualified,High Value,
481,3,4,2025-07-01,,,,New,Emerging,
482,1,22,2024-10-06,2024-10-07,2024-10-18,2024-11-24,Converted,Emerging,65
483,2,14,2024-11-04,,,,New,Core,
484,6,18,2025-08-05,2025-08-15,,,Contacted,Core,
485,6,16,2024-03-10,2024-03-17,2024-03-26,,Qualified,Core,
486,1,5,2025-01-18,2025-01-19,2025-01-23,,Qualified,High Value,
487,7,1,2024-08-22,,,,New,Core,
488,5,2,2025-11-11,,,,New,Mass Affluent,
489,2,20,2025-01-25,2025-01-27,2025-02-10,,Qualified,Core,
490,7,7,2024-08-29,,,,New,Core,
491,2,24,2024-07-21,2024-07-26,2024-08-05,2024-09-05,Converted,High Value,66
492,7,24,2024-12-22,2024-12-23,2025-01-03,,Qualified,Core,
493,6,22,2025-10-22,2025-10-25,2025-10-30,,Qualified,Emerging,
494,4,23,2025-08-23,,,,New,Emerging,
495,4,6,2025-03-13,2025-03-20,2025-03-30,,Qualified,Emerging,
496,2,24,2025-02-11,2025-02-19,2025-02-20,2025-03-01,Converted,Emerging,67
497,4,24,2024-05-22,2024-05-26,2024-06-01,2024-07-02,Converted,Core,68
498,5,22,2025-09-08,2025-09-16,2025-09-22,2025-10-04,Converted,Mass Affluent,69
499,2,23,2024-02-23,,,,New,Mass Affluent,
500,6,13,2024-11-02,,,,New,Core,
501,1,18,2025-02-05,2025-02-12,2025-02-19,,Qualified,Emerging,
502,1,5,2024-11-27,,,,New,Core,
503,7,23,2024-11-07,2024-11-15,2024-11-20,2024-12-02,Converted,Emerging,70
504,1,7,2025-11-05,,,,New,Emerging,
505,2,1,2025-07-22,2025-08-01,2025-08-05,2025-09-18,Converted,Emerging,71
506,1,22,2024-02-15,2024-02-19,2024-02-22,2024-04-03,Converted,Core,72
507,1,6,2024-11-21,,,,New,Core,
508,6,22,2025-06-28,2025-07-05,,,Contacted,Core,
509,3,2,2025-10-16,,,,New,Mass Affluent,
510,5,14,2025-12-24,2026-01-01,2026-01-10,,Qualified,Emerging,
511,3,3,2025-10-11,2025-10-13,,,Contacted,Emerging,
512,4,22,2025-06-04,,,,New,Emerging,
513,6,22,2025-06-29,2025-06-30,2025-07-12,,Qualified,Core,
514,5,22,2025-09-15,2025-09-24,2025-09-28,2025-10-12,Converted,Emerging,73
515,3,12,2024-04-19,2024-04-22,,,Contacted,Core,
516,4,1,2024-06-08,,,,New,Emerging,
517,3,10,2025-01-08,2025-01-10,2025-01-18,,Qualified,Core,
518,1,5,2025-02-08,2025-02-12,2025-02-20,2025-04-06,Converted,High Value,74
519,7,2,2025-01-24,2025-01-28,2025-02-01,,Qualified,Core,
520,2,11,2024-02-18,2024-02-24,2024-02-28,,Qualified,Emerging,
521,1,22,2025-07-19,2025-07-25,2025-08-06,2025-09-15,Converted,Core,75
522,4,18,2025-12-29,2026-01-07,,,Contacted,High Value,
523,1,16,2025-03-05,2025-03-06,,,Contacted,Emerging,
524,6,7,2025-02-11,,,,New,Core,
525,1,6,2025-03-24,,,,New,Core,
526,4,20,2024-10-05,2024-10-15,2024-10-27,,Qualified,Emerging,
527,5,4,2024-06-24,2024-06-27,2024-07-02,,Qualified,High Value,
528,5,12,2024-11-28,2024-12-07,,,Contacted,Emerging,
529,2,24,2024-10-13,2024-10-22,,,Contacted,Core,
530,6,24,2025-12-05,2025-12-15,2025-12-24,,Qualified,Emerging,
531,3,5,2025-05-05,2025-05-08,2025-05-12,2025-06-20,Converted,Core,76
532,1,4,2025-07-09,,,,New,Core,
533,2,5,2025-05-06,,,,New,Mass Affluent,
534,3,11,2025-05-05,2025-05-14,2025-05-16,,Qualified,Emerging,
535,4,5,2024-12-27,,,,New,Emerging,
536,4,22,2024-04-25,2024-04-29,,,Contacted,Emerging,
537,1,2,2025-09-11,2025-09-14,2025-09-25,,Qualified,Core,
538,6,12,2024-09-28,,,,New,Mass Affluent,
539,1,5,2025-11-02,2025-11-10,2025-11-24,,Qualified,Emerging,
540,4,16,2025-12-11,,,,New,Core,
541,2,21,2024-09-08,2024-09-16,2024-09-25,,Qualified,Core,
542,1,7,2024-01-18,2024-01-20,2024-01-21,2024-02-15,Converted,Core,77
543,2,13,2025-09-25,2025-10-04,2025-10-14,,Qualified,Mass Affluent,
544,7,12,2025-10-24,2025-10-30,2025-11-09,2025-12-03,Converted,Emerging,78
545,5,7,2024-11-18,,,,New,Mass Affluent,
546,6,22,2024-04-09,2024-04-18,,,Contacted,Emerging,
547,7,2,2024-10-24,2024-10-26,,,Contacted,Mass Affluent,
548,6,5,2024-06-13,,,,New,Core,
549,5,21,2025-06-19,,,,New,Core,
550,3,10,2025-01-03,2025-01-04,,,Contacted,Mass Affluent,
551,5,21,2025-05-24,2025-05-29,2025-06-07,,Qualified,Mass Affluent,
552,3,6,2024-03-10,2024-03-13,2024-03-25,2024-04-26,Converted,Emerging,79
553,6,22,2025-08-15,2025-08-21,2025-08-22,,Qualified,Emerging,
554,1,15,2024-05-08,,,,New,Core,
555,1,7,2024-07-11,2024-07-18,2024-07-22,2024-08-16,Converted,Emerging,80
556,1,12,2025-04-20,2025-04-27,,,Contacted,Emerging,
557,7,14,2025-11-20,2025-11-27,,,Contacted,Emerging,
558,6,20,2024-11-21,2024-11-28,,,Contacted,Emerging,
559,7,19,2025-03-15,2025-03-18,2025-03-25,,Qualified,High Value,
560,7,21,2024-09-23,,,,New,Emerging,
561,1,3,2024-01-27,2024-01-28,2024-02-07,,Qualified,Mass Affluent,
562,4,21,2025-10-08,2025-10-12,2025-10-17,,Qualified,Emerging,
563,3,22,2024-02-22,2024-02-23,,,Contacted,Core,
564,3,9,2024-07-03,2024-07-07,2024-07-14,,Qualified,Emerging,
565,6,15,2024-06-13,2024-06-23,2024-07-04,2024-08-14,Converted,Mass Affluent,81
566,7,22,2024-03-17,2024-03-24,2024-03-30,,Qualified,Mass Affluent,
567,5,13,2024-08-30,2024-09-09,2024-09-10,,Qualified,High Value,
568,7,14,2024-11-04,2024-11-11,,,Contacted,Emerging,
569,4,16,2025-10-18,,,,New,Emerging,
570,5,4,2024-01-30,2024-02-02,,,Contacted,Emerging,
571,7,12,2025-07-04,,,,New,High Value,
572,3,2,2024-04-23,2024-05-03,2024-05-16,2024-06-12,Converted,Emerging,82
573,7,19,2025-10-25,2025-10-27,2025-10-31,2025-11-04,Converted,Mass Affluent,83
574,5,16,2025-06-15,2025-06-19,,,Contacted,High Value,
575,3,8,2025-09-27,,,,New,Core,
576,2,24,2025-12-09,2025-12-15,2025-12-26,,Qualified,Emerging,
577,6,8,2024-06-23,2024-07-01,2024-07-04,2024-07-07,Converted,Core,84
578,6,3,2024-07-17,,,,New,Core,
579,3,21,2025-11-26,2025-12-05,,,Contacted,Emerging,
580,3,10,2024-07-14,2024-07-24,2024-07-26,2024-08-25,Converted,Mass Affluent,85
581,3,19,2024-05-22,2024-05-31,2024-06-04,2024-06-26,Converted,Emerging,86
582,2,22,2025-10-17,,,,New,Emerging,
583,1,16,2025-09-30,,,,New,Emerging,
584,5,4,2025-06-16,2025-06-25,2025-07-03,,Qualified,Core,
585,5,9,2025-09-19,,,,New,Mass Affluent,
586,4,5,2025-10-13,2025-10-17,2025-10-20,,Qualified,Core,
587,6,9,2025-02-04,2025-02-12,,,Contacted,Core,
588,3,2,2025-10-22,,,,New,Core,
589,3,5,2025-04-24,,,,New,Core,
590,2,12,2025-05-27,,,,New,Core,
591,6,17,2025-02-03,2025-02-13,2025-02-19,2025-03-23,Converted,Mass Affluent,87
592,2,24,2025-01-28,2025-02-07,2025-02-12,2025-02-22,Converted,Emerging,88
593,7,7,2025-08-07,,,,New,Core,
594,5,5,2024-03-09,2024-03-19,2024-03-21,,Qualified,Emerging,
595,3,3,2024-06-10,,,,New,Emerging,
596,7,17,2025-09-17,2025-09-19,2025-09-29,2025-11-01,Converted,High Value,89
597,5,16,2024-05-12,2024-05-21,2024-05-25,2024-07-08,Converted,Core,90
598,7,12,2024-08-13,2024-08-22,2024-08-27,2024-10-10,Converted,Emerging,91
599,7,9,2025-08-28,2025-09-07,2025-09-14,,Qualified,Mass Affluent,
600,5,13,2025-11-25,2025-12-04,,,Contacted,Core,
601,2,5,2024-01-16,2024-01-21,,,Contacted,Emerging,
602,3,9,2025-11-06,2025-11-07,2025-11-09,,Qualified,Emerging,
603,1,12,2025-05-06,2025-05-16,2025-05-18,,Qualified,Emerging,
604,2,5,2025-09-24,,,,New,Emerging,
605,2,22,2025-06-02,,,,New,Core,
606,6,8,2024-03-03,,,,New,High Value,
607,1,22,2024-12-27,2024-12-29,2024-12-31,2025-02-04,Converted,Core,92
608,5,21,2025-07-15,2025-07-24,2025-08-06,2025-08-12,Converted,Core,93
609,5,16,2025-10-09,,,,New,Emerging,
610,4,1,2024-06-19,2024-06-27,2024-07-09,,Qualified,Emerging,
611,7,17,2025-02-01,,,,New,Core,
612,5,8,2025-12-30,2026-01-05,2026-01-15,,Qualified,Core,
613,6,15,2025-03-22,2025-03-25,2025-04-06,2025-05-16,Converted,High Value,94
614,5,11,2024-04-11,2024-04-19,2024-04-27,,Qualified,Emerging,
615,6,9,2024-05-24,2024-05-27,2024-05-28,,Qualified,Core,
616,4,17,2024-05-09,,,,New,Emerging,
617,6,4,2025-03-31,,,,New,Core,
618,2,9,2025-11-15,2025-11-19,2025-12-01,2025-12-08,Converted,Core,95
619,7,8,2025-11-20,2025-11-23,2025-12-05,,Qualified,Core,
620,1,14,2024-03-09,2024-03-10,2024-03-17,,Qualified,Mass Affluent,
621,3,22,2025-05-11,2025-05-20,2025-05-28,,Qualified,Emerging,
622,3,22,2024-04-26,2024-05-04,2024-05-18,2024-06-21,Converted,Core,96
623,2,10,2024-11-04,2024-11-05,2024-11-10,,Qualified,Mass Affluent,
624,7,3,2024-03-19,2024-03-26,,,Contacted,Emerging,
625,5,13,2024-07-17,,,,New,Mass Affluent,
626,4,17,2024-01-24,2024-02-03,2024-02-11,2024-03-09,Converted,Emerging,97
627,2,3,2024-12-24,2024-12-30,,,Contacted,Core,
628,3,12,2025-10-01,,,,New,High Value,
629,6,22,2024-07-26,2024-07-31,2024-08-03,,Qualified,Emerging,
630,5,22,2025-04-29,2025-05-03,2025-05-05,,Qualified,High Value,
631,4,14,2025-11-11,2025-11-15,2025-11-24,,Qualified,Core,
632,1,20,2024-08-07,,,,New,High Value,
633,6,5,2025-03-23,2025-03-25,2025-04-03,,Qualified,Mass Affluent,
634,3,24,2025-03-10,2025-03-14,2025-03-21,,Qualified,Core,
635,5,10,2024-12-02,2024-12-03,2024-12-13,,Qualified,Emerging,
636,7,23,2025-04-27,,,,New,Core,
637,4,24,2025-10-25,2025-10-26,,,Contacted,Core,
638,7,4,2024-02-27,2024-03-04,,,Contacted,Emerging,
639,6,11,2025-12-27,2026-01-02,,,Contacted,Core,
640,7,17,2024-05-31,,,,New,Emerging,
641,3,20,2024-07-22,2024-07-23,2024-07-28,,Qualified,Emerging,
642,1,6,2024-03-29,2024-04-01,2024-04-14,,Qualified,Emerging,
643,6,21,2024-07-14,2024-07-19,,,Contacted,Emerging,
644,2,9,2024-07-23,2024-07-28,2024-07-30,,Qualified,Core,
645,7,19,2025-01-29,2025-02-05,2025-02-11,,Qualified,Core,
646,3,2,2024-04-28,,,,New,Core,
647,4,19,2024-11-26,2024-11-27,2024-12-03,,Qualified,Mass Affluent,
648,3,6,2025-04-23,2025-05-01,,,Contacted,Mass Affluent,
649,2,9,2025-01-17,,,,New,Core,
650,1,8,2025-06-03,2025-06-13,2025-06-20,2025-07-30,Converted,Emerging,98
651,1,24,2024-09-07,2024-09-08,2024-09-16,,Qualified,Emerging,
652,6,8,2024-04-08,2024-04-15,2024-04-28,,Qualified,Core,
653,5,6,2024-08-28,2024-09-07,2024-09-17,,Qualified,Mass Affluent,
654,3,13,2025-10-31,2025-11-08,2025-11-09,2025-11-28,Converted,High Value,99
655,4,14,2024-02-25,2024-03-06,2024-03-19,,Qualified,Mass Affluent,
656,4,22,2024-03-22,2024-04-01,2024-04-06,,Qualified,Emerging,
657,1,16,2025-04-16,2025-04-22,,,Contacted,Emerging,
658,1,15,2024-11-28,2024-11-29,2024-12-08,2025-01-05,Converted,Emerging,100
659,3,24,2025-12-30,2026-01-09,2026-01-15,2026-02-21,Converted,Core,101
660,5,12,2024-03-26,2024-04-01,,,Contacted,Emerging,
661,5,6,2025-10-01,2025-10-02,2025-10-15,,Qualified,High Value,
662,2,4,2025-08-07,2025-08-14,,,Contacted,Core,
663,7,12,2025-10-07,2025-10-13,,,Contacted,Core,
664,4,6,2024-06-30,2024-07-08,2024-07-19,,Qualified,Emerging,
665,6,1,2025-09-25,2025-09-27,2025-10-07,,Qualified,Core,
666,1,24,2025-09-07,,,,New,Core,
667,7,7,2024-06-14,2024-06-18,,,Contacted,Emerging,
668,3,3,2024-02-01,2024-02-11,2024-02-19,2024-03-08,Converted,Mass Affluent,102
669,2,5,2024-10-11,,,,New,Mass Affluent,
670,2,12,2025-05-25,2025-05-26,,,Contacted,Mass Affluent,
671,2,24,2024-07-26,2024-08-01,2024-08-10,,Qualified,Emerging,
672,3,24,2024-07-06,2024-07-14,2024-07-17,2024-07-22,Converted,High Value,103
673,7,6,2025-05-14,2025-05-23,,,Contacted,Core,
674,6,18,2024-07-06,2024-07-11,2024-07-20,,Qualified,Emerging,
675,6,5,2024-11-27,2024-11-30,,,Contacted,Mass Affluent,
676,6,20,2025-03-02,,,,New,Emerging,
677,4,10,2025-01-14,2025-01-20,2025-01-28,2025-02-19,Converted,Core,104
678,5,13,2024-03-01,2024-03-07,2024-03-15,,Qualified,High Value,
679,5,10,2025-08-10,2025-08-20,2025-08-29,,Qualified,Mass Affluent,
680,6,11,2025-01-04,,,,New,Core,
681,2,11,2025-04-24,2025-04-29,2025-05-04,2025-06-14,Converted,Mass Affluent,105
682,3,1,2025-09-30,,,,New,Emerging,
683,4,5,2024-09-22,,,,New,Core,
684,5,15,2025-10-31,,,,New,Mass Affluent,
685,3,23,2025-08-13,2025-08-17,,,Contacted,Emerging,
686,1,11,2024-11-18,,,,New,Core,
687,2,14,2024-10-04,2024-10-10,,,Contacted,Emerging,
688,4,1,2025-03-30,,,,New,Mass Affluent,
689,1,15,2025-03-25,2025-03-27,2025-03-29,,Qualified,High Value,
690,3,24,2024-11-20,2024-11-29,2024-12-05,2025-01-07,Converted,Emerging,106
691,6,6,2025-01-08,,,,New,Emerging,
692,4,7,2024-11-09,2024-11-19,2024-11-25,,Qualified,Emerging,
693,4,20,2025-06-21,2025-06-25,2025-06-27,2025-07-26,Converted,High Value,107
694,6,13,2024-10-16,,,,New,Emerging,
695,2,24,2025-11-06,2025-11-14,,,Contacted,Core,
696,4,12,2025-11-08,2025-11-09,,,Contacted,Mass Affluent,
697,1,5,2025-10-11,2025-10-14,,,Contacted,Core,
698,7,19,2025-02-19,2025-02-28,2025-03-08,,Qualified,Emerging,
699,1,22,2024-12-16,2024-12-23,2025-01-03,,Qualified,Emerging,
700,6,10,2024-05-09,,,,New,Emerging,
701,1,17,2024-07-05,2024-07-14,,,Contacted,Emerging,
702,3,17,2025-09-07,,,,New,Core,
703,1,18,2025-01-06,2025-01-15,,,Contacted,Emerging,
704,7,23,2024-06-04,2024-06-11,,,Contacted,Mass Affluent,
705,4,11,2024-05-19,,,,New,Emerging,
706,6,18,2025-11-15,2025-11-25,,,Contacted,Core,
707,7,8,2025-02-04,,,,New,Core,
708,2,8,2024-12-24,2024-12-29,,,Contacted,Emerging,
709,1,21,2024-04-30,2024-05-10,2024-05-18,,Qualified,Emerging,
710,1,13,2024-09-18,2024-09-26,2024-10-09,,Qualified,Emerging,
711,4,2,2025-10-15,2025-10-20,,,Contacted,High Value,
712,1,23,2025-05-12,2025-05-17,2025-05-19,,Qualified,High Value,
713,6,13,2024-02-13,2024-02-15,2024-02-25,,Qualified,Emerging,
714,1,12,2025-10-24,,,,New,Mass Affluent,
715,5,2,2025-02-12,,,,New,Core,
716,6,1,2024-08-09,,,,New,Emerging,
717,1,10,2025-02-26,,,,New,Mass Affluent,
718,3,12,2025-11-30,2025-12-04,,,Contacted,Emerging,
719,2,7,2025-07-25,,,,New,Core,
720,4,12,2024-06-25,,,,New,Mass Affluent,
721,5,18,2024-08-21,2024-08-23,2024-09-03,,Qualified,Core,
722,4,12,2024-06-12,,,,New,Core,
723,5,10,2025-06-02,2025-06-11,2025-06-14,,Qualified,Core,
724,3,18,2024-12-28,2024-12-30,,,Contacted,Mass Affluent,
725,5,19,2024-03-25,2024-03-29,2024-04-07,,Qualified,Emerging,
726,2,5,2024-01-13,2024-01-23,,,Contacted,Core,
727,4,24,2024-09-24,2024-09-29,,,Contacted,Core,
728,2,11,2025-12-20,2025-12-29,2026-01-10,2026-02-12,Converted,Core,108
729,2,1,2025-07-27,2025-08-04,2025-08-18,,Qualified,Mass Affluent,
730,5,16,2025-03-17,,,,New,High Value,
731,2,22,2025-04-07,2025-04-12,,,Contacted,Core,
732,5,2,2025-12-30,,,,New,Core,
733,1,20,2024-03-06,2024-03-10,,,Contacted,Emerging,
734,4,24,2024-05-02,2024-05-09,2024-05-22,2024-06-20,Converted,Core,109
735,6,6,2025-08-27,2025-09-04,,,Contacted,Emerging,
736,5,13,2025-04-03,,,,New,Core,
737,2,12,2024-05-24,2024-05-28,,,Contacted,Mass Affluent,
738,6,19,2024-04-11,,,,New,Emerging,
739,5,19,2025-08-11,2025-08-15,2025-08-20,,Qualified,Core,
740,1,16,2024-04-16,2024-04-24,2024-05-07,,Qualified,Mass Affluent,
741,6,19,2025-07-09,2025-07-10,2025-07-11,2025-08-02,Converted,Core,110
742,1,8,2025-11-06,,,,New,Mass Affluent,
743,4,8,2025-01-15,,,,New,Core,
744,5,8,2025-09-28,2025-10-05,,,Contacted,Mass Affluent,
745,1,14,2025-02-27,2025-03-03,,,Contacted,Mass Affluent,
746,4,5,2025-11-09,,,,New,Emerging,
747,2,16,2024-03-09,2024-03-14,2024-03-25,,Qualified,Mass Affluent,
748,2,3,2025-07-22,,,,New,Emerging,
749,1,16,2025-05-05,2025-05-08,2025-05-10,,Qualified,Mass Affluent,
750,1,22,2025-05-30,2025-06-05,2025-06-06,2025-07-15,Converted,Emerging,111
751,3,12,2024-02-09,2024-02-16,2024-02-17,2024-03-27,Converted,Emerging,112
752,5,12,2025-04-19,2025-04-26,,,Contacted,Core,
753,7,20,2025-02-26,2025-03-01,2025-03-12,,Qualified,Core,
754,6,19,2024-06-08,2024-06-11,2024-06-18,,Qualified,Emerging,
755,6,2,2025-11-23,2025-11-24,2025-11-30,2025-12-08,Converted,Emerging,113
756,5,14,2024-06-11,2024-06-16,2024-06-28,,Qualified,Mass Affluent,
757,4,13,2025-05-03,2025-05-09,2025-05-17,,Qualified,Core,
758,3,3,2025-01-13,2025-01-20,2025-01-23,2025-02-02,Converted,High Value,114
759,6,9,2025-12-14,2025-12-21,2025-12-28,,Qualified,Mass Affluent,
760,6,11,2025-06-05,,,,New,Emerging,
761,7,4,2024-09-05,2024-09-09,2024-09-22,2024-09-30,Converted,Mass Affluent,115
762,6,22,2025-09-12,2025-09-18,2025-09-26,2025-10-21,Converted,Mass Affluent,116
763,2,5,2025-08-30,,,,New,Emerging,
764,4,5,2024-10-04,2024-10-09,2024-10-23,2024-11-30,Converted,Emerging,117
765,7,11,2025-12-16,2025-12-26,2025-12-30,2026-02-08,Converted,Core,118
766,7,7,2024-10-09,,,,New,Core,
767,4,8,2024-08-16,2024-08-24,2024-09-02,,Qualified,Emerging,
768,7,21,2024-07-11,,,,New,Core,
769,6,2,2024-07-18,,,,New,Core,
770,4,14,2025-12-18,,,,New,Emerging,
771,2,10,2024-01-26,2024-02-01,2024-02-09,,Qualified,Mass Affluent,
772,1,9,2025-04-11,2025-04-19,,,Contacted,Emerging,
773,3,5,2024-11-18,,,,New,Core,
774,4,21,2024-11-27,2024-11-28,2024-12-09,,Qualified,Emerging,
775,1,5,2024-06-04,2024-06-06,2024-06-19,,Qualified,Core,
776,7,13,2025-12-12,2025-12-16,,,Contacted,Core,
777,7,23,2024-08-18,2024-08-21,2024-09-04,,Qualified,Emerging,
778,2,19,2024-02-06,2024-02-08,2024-02-18,2024-03-15,Converted,Core,119
779,1,1,2025-09-26,2025-09-27,2025-10-02,,Qualified,Core,
780,4,24,2025-01-16,2025-01-17,2025-01-19,2025-02-10,Converted,Emerging,120
781,3,10,2024-05-31,,,,New,Mass Affluent,
782,5,14,2025-01-03,,,,New,Emerging,
783,2,11,2025-01-02,,,,New,Core,
784,6,6,2024-02-13,2024-02-16,,,Contacted,Core,
785,7,7,2025-12-10,2025-12-12,,,Contacted,High Value,
786,6,23,2024-12-08,2024-12-14,2024-12-23,,Qualified,High Value,
787,2,21,2025-10-21,2025-10-25,,,Contacted,Mass Affluent,
788,4,5,2024-03-14,,,,New,Emerging,
789,3,7,2025-07-08,,,,New,High Value,
790,1,1,2024-10-29,2024-10-31,2024-11-02,,Qualified,Emerging,
791,3,7,2024-11-07,2024-11-17,2024-11-27,,Qualified,Emerging,
792,4,18,2024-04-10,2024-04-18,2024-04-19,,Qualified,Core,
793,2,24,2025-10-08,,,,New,Core,
794,2,20,2025-04-25,2025-05-03,2025-05-07,,Qualified,Core,
795,5,6,2025-04-19,2025-04-28,2025-05-09,,Qualified,Mass Affluent,
796,5,11,2025-03-12,2025-03-16,2025-03-24,,Qualified,Core,
797,6,19,2025-05-20,2025-05-22,2025-05-24,,Qualified,Emerging,
798,5,4,2025-03-04,2025-03-11,2025-03-13,,Qualified,Emerging,
799,1,1,2024-06-14,2024-06-23,2024-06-29,2024-08-06,Converted,Emerging,121
800,4,15,2025-09-12,,,,New,Emerging,
801,4,20,2025-06-05,,,,New,Core,
802,2,8,2025-09-05,2025-09-15,2025-09-16,2025-10-15,Converted,Emerging,122
803,7,19,2024-05-20,2024-05-26,2024-06-04,2024-07-10,Converted,Core,123
804,1,7,2024-09-17,,,,New,Core,
805,5,9,2025-06-07,,,,New,Emerging,
806,4,21,2025-05-16,2025-05-18,2025-05-21,2025-06-04,Converted,Emerging,124
807,7,13,2024-07-27,2024-08-06,2024-08-18,2024-09-29,Converted,High Value,125
808,3,8,2025-01-23,2025-02-02,2025-02-06,2025-03-22,Converted,Mass Affluent,126
809,3,6,2024-08-22,2024-08-24,2024-09-03,2024-09-09,Converted,Core,127
810,4,5,2024-01-01,2024-01-08,2024-01-17,,Qualified,Core,
811,5,19,2025-02-18,,,,New,Core,
812,5,16,2024-05-09,,,,New,Emerging,
813,3,10,2024-04-28,2024-05-04,2024-05-05,2024-05-28,Converted,Core,128
814,2,22,2025-05-20,2025-05-26,2025-06-05,,Qualified,Mass Affluent,
815,2,22,2025-11-29,,,,New,Core,
816,7,20,2024-09-08,2024-09-14,2024-09-23,,Qualified,Emerging,
817,3,4,2024-05-31,2024-06-04,,,Contacted,Mass Affluent,
818,5,12,2025-02-26,,,,New,Core,
819,1,8,2024-06-15,2024-06-17,,,Contacted,Mass Affluent,
820,4,1,2024-12-07,,,,New,Emerging,
821,4,13,2025-08-25,2025-08-29,2025-09-08,2025-09-21,Converted,Core,129
822,7,16,2024-04-20,2024-04-22,2024-05-06,,Qualified,Core,
823,4,11,2025-11-11,2025-11-20,2025-11-25,,Qualified,Emerging,
824,2,15,2024-06-01,,,,New,Emerging,
825,1,5,2024-04-20,,,,New,Emerging,
826,3,11,2025-12-05,2025-12-12,2025-12-14,,Qualified,High Value,
827,2,13,2024-07-15,2024-07-20,2024-07-27,,Qualified,Emerging,
828,7,11,2025-12-25,2026-01-04,2026-01-18,,Qualified,Mass Affluent,
829,2,8,2025-06-09,2025-06-13,,,Contacted,Mass Affluent,
830,3,11,2024-01-03,2024-01-12,,,Contacted,Emerging,
831,6,2,2025-04-10,,,,New,Core,
832,7,15,2024-02-15,2024-02-17,2024-02-25,,Qualified,Mass Affluent,
833,3,10,2025-10-29,,,,New,Mass Affluent,
834,5,9,2025-02-08,2025-02-16,2025-02-20,2025-03-20,Converted,Emerging,130
835,3,18,2025-12-09,2025-12-11,2025-12-25,,Qualified,High Value,
836,4,11,2024-05-04,2024-05-13,,,Contacted,Core,
837,1,12,2024-06-29,2024-06-30,2024-07-10,,Qualified,Mass Affluent,
838,5,7,2025-05-05,,,,New,Mass Affluent,
839,3,13,2025-03-18,2025-03-22,2025-03-25,,Qualified,Emerging,
840,7,16,2025-07-24,,,,New,Core,
841,2,2,2024-02-07,2024-02-13,2024-02-24,,Qualified,Core,
842,7,4,2025-08-30,2025-09-05,2025-09-07,,Qualified,Core,
843,6,5,2025-12-13,2025-12-19,2026-01-02,2026-01-31,Converted,High Value,131
844,1,4,2024-09-27,,,,New,Emerging,
845,5,7,2025-08-19,,,,New,Emerging,
846,7,18,2025-07-08,,,,New,Emerging,
847,5,23,2025-07-13,2025-07-20,2025-08-02,,Qualified,High Value,
848,1,19,2024-01-05,2024-01-11,2024-01-18,,Qualified,Core,
849,7,4,2025-10-07,,,,New,Core,
850,2,6,2025-11-29,2025-11-30,,,Contacted,Mass Affluent,
851,2,2,2025-03-16,2025-03-25,2025-03-30,,Qualified,Core,
852,1,23,2025-03-06,2025-03-08,2025-03-15,2025-04-24,Converted,Emerging,132
853,3,15,2025-11-10,2025-11-16,2025-11-20,2026-01-04,Converted,Mass Affluent,133
854,3,9,2024-06-30,2024-07-09,2024-07-11,,Qualified,Core,
855,3,6,2025-05-06,2025-05-07,,,Contacted,Mass Affluent,
856,6,5,2024-04-22,2024-04-24,2024-04-29,,Qualified,Mass Affluent,
857,7,22,2025-07-23,,,,New,Core,
858,2,21,2025-05-23,,,,New,Emerging,
859,3,23,2025-07-21,2025-07-24,2025-07-26,,Qualified,Mass Affluent,
860,6,20,2025-08-01,2025-08-05,2025-08-09,,Qualified,Core,
861,5,1,2025-12-07,2025-12-14,2025-12-28,2026-01-02,Converted,Emerging,134
862,2,3,2024-12-14,,,,New,Core,
863,3,20,2025-07-03,,,,New,High Value,
864,4,23,2024-10-10,2024-10-11,2024-10-25,,Qualified,Core,
865,5,19,2024-08-22,,,,New,Emerging,
866,3,12,2025-04-08,2025-04-18,2025-04-19,,Qualified,Core,
867,4,2,2025-11-08,2025-11-12,2025-11-18,2025-12-31,Converted,Mass Affluent,135
868,6,6,2024-09-29,,,,New,Mass Affluent,
869,5,19,2025-08-22,,,,New,Mass Affluent,
870,5,18,2025-11-07,2025-11-14,,,Contacted,Emerging,
871,6,1,2024-07-19,2024-07-21,2024-08-04,,Qualified,Core,
872,7,4,2025-07-27,2025-08-06,,,Contacted,Mass Affluent,
873,2,2,2025-06-04,,,,New,Core,
874,5,18,2024-03-26,2024-04-01,2024-04-10,,Qualified,Emerging,
875,5,5,2025-10-01,2025-10-03,2025-10-15,,Qualified,Mass Affluent,
876,7,22,2025-12-08,2025-12-09,,,Contacted,Emerging,
877,1,15,2025-07-05,,,,New,Emerging,
878,5,1,2024-06-02,,,,New,Emerging,
879,7,17,2025-10-23,2025-11-01,2025-11-15,2025-11-27,Converted,Core,136
880,3,17,2024-06-02,2024-06-05,2024-06-18,2024-07-08,Converted,Core,137
881,5,21,2025-11-16,2025-11-17,2025-11-21,,Qualified,Mass Affluent,
882,7,2,2025-02-03,2025-02-10,,,Contacted,Emerging,
883,7,8,2025-11-22,2025-11-26,2025-12-10,2025-12-14,Converted,Core,138
884,6,5,2025-04-21,,,,New,Mass Affluent,
885,3,2,2024-10-23,,,,New,Emerging,
886,2,7,2024-08-09,2024-08-15,,,Contacted,Emerging,
887,6,8,2024-05-24,,,,New,Emerging,
888,4,17,2025-04-22,,,,New,Mass Affluent,
889,5,7,2024-09-03,,,,New,Core,
890,2,5,2025-02-18,,,,New,High Value,
891,4,2,2024-03-19,,,,New,High Value,
892,5,16,2024-12-01,,,,New,Emerging,
893,7,14,2025-07-19,2025-07-22,2025-07-26,2025-07-30,Converted,High Value,139
894,7,17,2025-10-16,,,,New,Emerging,
895,2,8,2025-02-10,2025-02-13,2025-02-26,2025-03-27,Converted,Emerging,140
896,7,16,2025-03-10,,,,New,Core,
897,2,17,2024-09-27,2024-09-29,,,Contacted,Emerging,
898,3,10,2024-08-31,2024-09-09,2024-09-12,,Qualified,Core,
899,1,20,2024-02-18,2024-02-28,,,Contacted,Mass Affluent,
900,4,9,2025-08-19,,,,New,Core,
901,5,20,2025-10-02,2025-10-07,2025-10-21,,Qualified,Core,
902,5,8,2024-05-30,2024-06-08,2024-06-13,2024-07-22,Converted,Core,141
903,5,22,2024-05-30,2024-06-06,2024-06-16,,Qualified,Core,
904,3,19,2024-12-10,,,,New,Mass Affluent,
905,2,9,2025-02-12,,,,New,Emerging,
906,3,17,2024-10-05,,,,New,Emerging,
907,2,16,2024-08-17,2024-08-27,2024-09-03,,Qualified,High Value,
908,1,3,2025-11-15,2025-11-16,2025-11-17,,Qualified,High Value,
909,4,14,2024-06-30,,,,New,Core,
910,4,21,2025-02-25,2025-03-02,2025-03-07,2025-03-11,Converted,Mass Affluent,142
911,4,4,2025-04-23,2025-04-26,2025-05-07,2025-05-16,Converted,Emerging,143
912,4,16,2025-07-01,2025-07-09,2025-07-20,,Qualified,Core,
913,7,19,2025-07-03,,,,New,Emerging,
914,5,14,2024-06-24,2024-07-04,2024-07-12,,Qualified,Emerging,
915,6,11,2025-02-22,2025-02-23,2025-03-03,,Qualified,Mass Affluent,
916,4,8,2025-02-18,2025-02-19,,,Contacted,Core,
917,6,12,2024-12-01,2024-12-07,2024-12-08,,Qualified,Mass Affluent,
918,7,6,2024-03-15,,,,New,Emerging,
919,4,20,2024-02-10,2024-02-14,2024-02-21,,Qualified,Core,
920,5,23,2024-08-23,,,,New,Core,
921,5,23,2025-12-09,2025-12-12,,,Contacted,Emerging,
922,5,17,2025-04-13,,,,New,Mass Affluent,
923,6,15,2024-04-03,2024-04-10,2024-04-18,,Qualified,Core,
924,6,22,2025-04-17,2025-04-20,2025-05-04,,Qualified,Core,
925,5,19,2024-07-19,2024-07-28,,,Contacted,Emerging,
926,6,9,2024-01-31,,,,New,Mass Affluent,
927,4,13,2025-09-26,2025-09-28,2025-10-01,2025-10-21,Converted,Mass Affluent,144
928,5,19,2024-04-15,2024-04-21,2024-04-24,2024-05-31,Converted,Mass Affluent,145
929,2,24,2024-06-26,2024-07-03,,,Contacted,Core,
930,3,2,2024-01-17,,,,New,Emerging,
931,6,21,2024-04-21,2024-04-23,,,Contacted,Emerging,
932,5,24,2024-05-14,2024-05-18,2024-06-01,,Qualified,Core,
933,7,14,2025-03-02,2025-03-11,2025-03-18,,Qualified,Mass Affluent,
934,6,22,2024-10-13,2024-10-19,2024-11-01,,Qualified,Mass Affluent,
935,5,4,2024-03-25,,,,New,Core,
936,2,1,2024-02-10,2024-02-16,,,Contacted,Core,
937,7,4,2024-11-29,,,,New,Emerging,
938,3,16,2024-02-04,2024-02-07,2024-02-18,,Qualified,Emerging,
939,6,15,2024-10-26,,,,New,Emerging,
940,3,17,2025-12-21,2025-12-23,2026-01-01,2026-01-17,Converted,Mass Affluent,146
941,4,9,2025-05-16,2025-05-24,,,Contacted,Core,
942,2,6,2024-12-24,2024-12-30,2025-01-08,,Qualified,Core,
943,5,3,2025-06-07,,,,New,Mass Affluent,
944,4,22,2025-07-21,2025-07-24,2025-08-05,2025-09-05,Converted,High Value,147
945,2,18,2025-07-17,2025-07-23,,,Contacted,Core,
946,4,24,2025-10-22,2025-10-30,,,Contacted,Emerging,
947,3,19,2025-05-25,2025-05-28,,,Contacted,Mass Affluent,
948,2,2,2024-12-05,2024-12-13,,,Contacted,Mass Affluent,
949,7,11,2024-05-21,2024-05-25,2024-05-28,,Qualified,Emerging,
950,6,2,2025-07-15,2025-07-24,2025-08-01,2025-09-11,Converted,Mass Affluent,148
951,6,19,2024-12-22,2024-12-27,2025-01-07,2025-02-11,Converted,Emerging,149
952,3,19,2024-07-16,2024-07-19,2024-07-27,,Qualified,Core,
953,5,22,2025-02-08,2025-02-09,2025-02-19,,Qualified,Core,
954,3,12,2025-01-24,,,,New,Emerging,
955,6,1,2024-08-07,,,,New,Core,
956,7,23,2025-08-20,2025-08-28,2025-08-30,2025-09-11,Converted,Emerging,150
957,6,3,2025-03-17,2025-03-20,2025-03-23,,Qualified,Mass Affluent,
958,6,1,2024-08-15,,,,New,Mass Affluent,
959,1,4,2024-01-18,,,,New,High Value,
960,4,19,2025-10-17,2025-10-27,2025-10-29,,Qualified,Core,
961,7,4,2024-05-20,,,,New,Emerging,
962,1,2,2025-07-22,2025-07-24,2025-07-25,,Qualified,Emerging,
963,3,3,2025-05-15,2025-05-24,2025-05-26,,Qualified,Mass Affluent,
964,4,3,2024-07-19,2024-07-20,2024-07-28,2024-08-14,Converted,Core,151
965,4,19,2025-05-12,2025-05-13,2025-05-25,2025-07-08,Converted,Emerging,152
966,7,11,2025-03-23,2025-04-01,,,Contacted,Core,
967,1,3,2025-12-29,,,,New,Emerging,
968,7,22,2024-05-22,2024-05-31,2024-06-14,2024-06-27,Converted,Emerging,153
969,5,18,2024-08-17,2024-08-25,2024-09-04,2024-10-19,Converted,Core,154
970,7,3,2024-04-01,2024-04-11,2024-04-24,,Qualified,High Value,
971,1,8,2024-08-06,2024-08-09,2024-08-13,2024-08-18,Converted,High Value,155
972,3,18,2025-03-08,,,,New,Core,
973,2,23,2025-08-18,2025-08-27,2025-09-03,,Qualified,Core,
974,1,4,2024-05-07,,,,New,Mass Affluent,
975,1,22,2025-05-04,,,,New,Emerging,
976,6,2,2024-12-25,2024-12-26,2024-12-30,,Qualified,Mass Affluent,
977,5,9,2024-12-01,2024-12-02,2024-12-03,,Qualified,Core,
978,6,9,2025-07-24,,,,New,Core,
979,3,14,2024-09-25,2024-09-30,,,Contacted,Emerging,
980,1,19,2025-04-06,,,,New,Emerging,
981,2,7,2025-06-02,,,,New,Emerging,
982,7,12,2024-09-21,,,,New,Mass Affluent,
983,7,21,2024-07-07,2024-07-09,2024-07-16,2024-08-28,Converted,Core,156
984,3,2,2024-02-02,,,,New,Core,
985,3,10,2025-10-29,2025-11-02,,,Contacted,Mass Affluent,
986,5,20,2025-05-18,2025-05-20,2025-05-28,,Qualified,Core,
987,6,6,2025-05-16,2025-05-25,2025-06-01,,Qualified,Mass Affluent,
988,7,3,2025-09-13,,,,New,High Value,
989,3,11,2025-10-12,2025-10-16,2025-10-22,,Qualified,Mass Affluent,
990,1,2,2025-12-17,,,,New,Mass Affluent,
991,6,13,2025-03-27,2025-04-03,2025-04-09,,Qualified,High Value,
992,5,12,2025-12-05,2025-12-14,2025-12-16,,Qualified,Emerging,
993,3,18,2025-01-30,,,,New,Core,
994,5,17,2025-06-10,,,,New,Mass Affluent,
995,5,2,2024-11-09,,,,New,Emerging,
996,2,16,2024-04-17,2024-04-24,2024-04-28,2024-05-03,Converted,Mass Affluent,157
997,6,8,2025-07-20,2025-07-22,2025-08-01,,Qualified,Core,
998,5,11,2025-11-23,,,,New,Emerging,
999,7,1,2025-04-13,,,,New,Core,
1000,3,9,2024-12-03,,,,New,Core,
1001,1,11,2024-01-21,,,,New,Emerging,
1002,6,13,2025-03-08,2025-03-15,2025-03-21,,Qualified,Emerging,
1003,4,20,2025-08-28,2025-09-07,2025-09-08,2025-10-04,Converted,Mass Affluent,158
1004,2,5,2024-01-23,,,,New,Emerging,
1005,7,12,2025-04-10,,,,New,Core,
1006,7,6,2025-01-24,2025-02-02,,,Contacted,Mass Affluent,
1007,2,3,2025-04-17,2025-04-19,2025-04-27,,Qualified,Core,
1008,6,21,2025-07-18,2025-07-25,2025-07-28,,Qualified,Core,
1009,3,5,2024-04-17,,,,New,Core,
1010,4,2,2024-11-22,2024-12-02,2024-12-05,2024-12-16,Converted,Mass Affluent,159
1011,1,3,2024-04-28,2024-05-08,,,Contacted,Emerging,
1012,3,6,2025-03-13,2025-03-19,,,Contacted,Emerging,
1013,5,5,2024-07-23,2024-08-02,2024-08-08,,Qualified,Mass Affluent,
1014,5,19,2024-11-15,2024-11-18,2024-12-01,,Qualified,Core,
1015,4,4,2025-02-27,,,,New,Emerging,
1016,6,17,2024-05-24,,,,New,Emerging,
1017,5,3,2024-08-06,,,,New,Mass Affluent,
1018,3,11,2024-02-16,2024-02-26,,,Contacted,Core,
1019,7,24,2025-01-03,2025-01-07,2025-01-13,,Qualified,Mass Affluent,
1020,5,8,2024-09-14,,,,New,High Value,
1021,5,10,2024-06-30,2024-07-05,2024-07-12,,Qualified,High Value,
1022,4,12,2025-04-04,2025-04-11,2025-04-14,2025-04-30,Converted,Core,160
1023,1,11,2024-04-23,2024-04-26,,,Contacted,High Value,
1024,3,2,2025-05-19,2025-05-22,2025-05-30,2025-07-10,Converted,Core,161
1025,3,21,2025-09-20,,,,New,High Value,
1026,3,20,2025-09-23,,,,New,High Value,
1027,7,8,2025-01-17,,,,New,Core,
1028,4,3,2024-02-04,2024-02-14,,,Contacted,High Value,
1029,4,23,2025-03-25,2025-03-29,2025-04-06,,Qualified,Core,
1030,4,16,2025-04-14,2025-04-17,,,Contacted,Core,
1031,2,13,2024-11-16,2024-11-19,,,Contacted,Emerging,
1032,5,23,2024-06-02,2024-06-04,2024-06-06,,Qualified,Emerging,
1033,2,1,2025-10-14,,,,New,Core,
1034,5,9,2024-09-05,2024-09-07,,,Contacted,Emerging,
1035,3,15,2024-12-08,,,,New,High Value,
1036,5,15,2024-11-27,,,,New,Mass Affluent,
1037,5,24,2025-08-30,2025-09-03,2025-09-17,,Qualified,Emerging,
1038,3,12,2025-06-17,2025-06-18,2025-06-30,,Qualified,Core,
1039,4,23,2024-06-21,2024-06-24,,,Contacted,Emerging,
1040,6,12,2025-08-02,2025-08-09,2025-08-13,2025-09-19,Converted,Core,162
1041,7,17,2024-10-09,2024-10-10,,,Contacted,Core,
1042,1,6,2025-07-18,2025-07-22,2025-07-25,2025-09-08,Converted,High Value,163
1043,2,17,2024-04-05,2024-04-12,,,Contacted,Emerging,
1044,4,15,2025-04-15,2025-04-17,,,Contacted,Core,
1045,1,14,2025-11-30,,,,New,Mass Affluent,
1046,4,10,2025-01-22,,,,New,Emerging,
1047,5,24,2025-06-27,2025-06-28,,,Contacted,Emerging,
1048,1,20,2025-01-31,2025-02-04,2025-02-06,2025-03-07,Converted,Core,164
1049,1,24,2025-09-29,,,,New,Emerging,
1050,3,23,2024-03-27,,,,New,Core,
1051,2,7,2025-07-27,2025-08-01,2025-08-09,2025-08-23,Converted,Mass Affluent,165
1052,7,9,2025-10-12,2025-10-19,2025-10-25,,Qualified,Core,
1053,2,9,2024-05-09,2024-05-18,2024-05-30,,Qualified,High Value,
1054,7,12,2025-08-12,2025-08-14,2025-08-28,2025-09-15,Converted,Emerging,166
1055,1,15,2025-08-03,2025-08-05,2025-08-16,,Qualified,High Value,
1056,1,3,2025-01-12,,,,New,Core,
1057,5,9,2024-11-21,2024-11-26,2024-12-08,,Qualified,Mass Affluent,
1058,2,21,2025-11-23,2025-11-26,2025-11-30,,Qualified,High Value,
1059,1,21,2024-02-17,,,,New,Core,
1060,2,15,2025-07-03,2025-07-09,,,Contacted,Core,
1061,2,24,2024-05-11,2024-05-15,2024-05-17,,Qualified,Core,
1062,6,3,2025-05-21,,,,New,High Value,
1063,2,13,2025-09-29,2025-10-08,,,Contacted,Mass Affluent,
1064,3,5,2025-01-17,,,,New,Core,
1065,6,22,2024-08-06,,,,New,Emerging,
1066,6,15,2024-08-20,,,,New,Emerging,
1067,5,6,2024-01-02,2024-01-06,,,Contacted,Mass Affluent,
1068,4,13,2024-04-03,,,,New,Core,
1069,5,6,2025-02-02,,,,New,Mass Affluent,
1070,5,6,2024-07-23,2024-07-26,2024-08-02,,Qualified,Emerging,
1071,6,3,2025-05-19,2025-05-26,,,Contacted,High Value,
1072,3,15,2024-09-25,2024-09-29,2024-10-11,,Qualified,High Value,
1073,6,24,2025-08-02,2025-08-05,,,Contacted,Emerging,
1074,5,11,2024-08-04,2024-08-12,2024-08-26,,Qualified,Mass Affluent,
1075,1,8,2024-01-07,2024-01-12,2024-01-25,,Qualified,Emerging,
1076,1,17,2024-10-20,,,,New,Emerging,
1077,4,22,2025-01-09,2025-01-17,2025-01-18,2025-02-13,Converted,Emerging,167
1078,5,16,2025-10-26,2025-10-30,2025-11-10,,Qualified,Mass Affluent,
1079,3,10,2024-07-11,2024-07-21,2024-08-01,,Qualified,Core,
1080,4,9,2024-10-16,,,,New,Core,
1081,4,1,2025-12-29,2026-01-06,2026-01-13,,Qualified,Emerging,
1082,1,14,2024-07-25,2024-07-26,2024-07-31,,Qualified,Mass Affluent,
1083,3,19,2025-03-12,2025-03-20,,,Contacted,Emerging,
1084,4,8,2024-11-24,2024-12-04,,,Contacted,Core,
1085,6,7,2025-03-12,2025-03-18,,,Contacted,Core,
1086,3,10,2025-02-27,2025-03-04,2025-03-18,,Qualified,High Value,
1087,3,20,2024-05-04,2024-05-14,,,Contacted,Emerging,
1088,3,14,2024-09-27,2024-10-06,,,Contacted,Emerging,
1089,2,19,2025-11-16,,,,New,Core,
1090,5,9,2024-04-12,2024-04-22,2024-04-30,2024-05-11,Converted,Emerging,168
1091,1,10,2024-07-31,,,,New,Emerging,
1092,7,12,2024-02-18,2024-02-28,,,Contacted,High Value,
1093,2,17,2024-06-05,,,,New,Emerging,
1094,2,11,2025-02-14,2025-02-15,2025-02-19,2025-02-23,Converted,Emerging,169
1095,7,19,2024-01-17,2024-01-20,,,Contacted,Core,
1096,3,22,2025-07-13,2025-07-15,,,Contacted,Mass Affluent,
1097,7,20,2024-07-06,,,,New,Emerging,
1098,5,8,2025-07-03,,,,New,Core,
1099,4,21,2024-05-31,2024-06-02,,,Contacted,Emerging,
1100,5,24,2024-05-30,,,,New,Core,
1101,4,19,2024-03-19,,,,New,Emerging,
1102,1,4,2025-06-27,2025-07-03,2025-07-15,2025-08-22,Converted,Core,170
1103,4,24,2024-09-17,2024-09-18,2024-09-24,2024-10-15,Converted,Emerging,171
1104,4,6,2025-09-29,,,,New,Core,
1105,1,14,2025-01-21,2025-01-22,2025-02-02,,Qualified,Core,
1106,5,18,2024-08-17,,,,New,Emerging,
1107,1,6,2024-06-04,2024-06-06,,,Contacted,Core,
1108,5,14,2025-07-02,2025-07-04,2025-07-17,,Qualified,Core,
1109,1,13,2024-06-30,2024-07-08,2024-07-19,,Qualified,Core,
1110,3,13,2024-11-14,,,,New,Emerging,
1111,2,7,2024-10-30,,,,New,Emerging,
1112,4,5,2024-07-02,2024-07-04,2024-07-05,2024-07-26,Converted,Emerging,172
1113,5,23,2025-03-18,2025-03-22,2025-04-05,,Qualified,Emerging,
1114,6,7,2024-08-07,,,,New,Core,
1115,5,11,2025-10-12,2025-10-19,2025-10-22,,Qualified,Core,
1116,5,6,2024-07-24,,,,New,Mass Affluent,
1117,6,18,2025-06-04,,,,New,Emerging,
1118,4,24,2025-09-06,2025-09-07,2025-09-14,2025-10-17,Converted,Core,173
1119,6,1,2024-06-03,,,,New,Core,
1120,7,13,2025-06-30,2025-07-10,2025-07-24,,Qualified,Emerging,
1121,4,21,2025-10-13,2025-10-16,2025-10-26,2025-12-06,Converted,Emerging,174
1122,5,19,2024-10-18,2024-10-28,2024-11-10,,Qualified,Core,
1123,6,19,2025-07-03,,,,New,Emerging,
1124,7,19,2025-06-30,2025-07-10,2025-07-13,2025-08-27,Converted,Core,175
1125,5,18,2024-07-13,,,,New,Mass Affluent,
1126,3,22,2025-07-07,2025-07-12,2025-07-26,,Qualified,Mass Affluent,
1127,1,1,2024-08-05,2024-08-12,2024-08-14,,Qualified,Core,
1128,5,9,2025-08-01,2025-08-06,2025-08-13,,Qualified,Core,
1129,5,16,2024-06-14,2024-06-16,2024-06-27,2024-07-13,Converted,Core,176
1130,1,16,2024-03-24,,,,New,Emerging,
1131,2,4,2024-06-19,,,,New,Mass Affluent,
1132,1,24,2024-09-12,2024-09-14,2024-09-26,,Qualified,Mass Affluent,
1133,6,8,2025-09-24,2025-10-03,2025-10-09,,Qualified,Emerging,
1134,4,4,2025-05-29,2025-05-31,2025-06-01,2025-06-25,Converted,High Value,177
1135,2,4,2025-06-26,2025-06-30,2025-07-04,,Qualified,Mass Affluent,
1136,7,6,2025-05-06,2025-05-15,2025-05-22,2025-06-05,Converted,Emerging,178
1137,5,9,2025-01-20,,,,New,Core,
1138,3,2,2025-09-16,,,,New,Core,
1139,1,4,2024-02-19,2024-02-29,2024-03-01,,Qualified,Core,
1140,3,6,2025-10-28,2025-11-06,2025-11-11,,Qualified,Core,
1141,3,15,2024-06-23,2024-07-01,,,Contacted,Core,
1142,7,19,2024-02-22,2024-03-01,2024-03-13,,Qualified,Core,
1143,7,15,2024-03-24,2024-04-03,,,Contacted,Core,
1144,7,7,2025-03-11,,,,New,Mass Affluent,
1145,4,17,2024-04-17,2024-04-18,,,Contacted,Emerging,
1146,1,19,2024-09-08,2024-09-17,,,Contacted,Emerging,
1147,5,22,2025-08-09,2025-08-17,2025-08-27,2025-09-02,Converted,Core,179
1148,5,3,2024-01-11,2024-01-14,,,Contacted,Mass Affluent,
1149,2,24,2025-03-12,2025-03-21,2025-04-03,,Qualified,Emerging,
1150,3,23,2025-06-27,2025-07-05,2025-07-07,,Qualified,Emerging,
1151,6,11,2025-07-11,2025-07-18,,,Contacted,Emerging,
1152,7,13,2024-09-02,2024-09-04,2024-09-06,2024-10-03,Converted,Emerging,180
1153,1,9,2025-10-10,2025-10-20,2025-10-24,2025-12-03,Converted,Emerging,181
1154,7,9,2024-11-23,,,,New,Core,
1155,2,11,2025-07-04,,,,New,Core,
1156,1,15,2024-09-29,,,,New,Emerging,
1157,7,18,2025-07-27,,,,New,Mass Affluent,
1158,7,9,2024-02-05,2024-02-15,,,Contacted,Core,
1159,3,17,2024-08-15,,,,New,Emerging,
1160,4,15,2024-01-15,,,,New,Emerging,
1161,5,1,2025-09-29,,,,New,High Value,
1162,5,21,2025-03-05,,,,New,Emerging,
1163,2,12,2024-09-27,,,,New,High Value,
1164,1,21,2024-06-23,,,,New,Emerging,
1165,1,24,2025-10-30,2025-11-04,2025-11-06,2025-11-10,Converted,Emerging,182
1166,4,9,2025-08-11,2025-08-19,2025-09-02,,Qualified,Emerging,
1167,5,2,2024-02-06,2024-02-13,2024-02-17,,Qualified,Emerging,
1168,3,8,2025-02-04,,,,New,Core,
1169,5,12,2024-07-20,2024-07-26,2024-08-03,2024-09-05,Converted,Core,183
1170,2,11,2024-07-04,2024-07-07,2024-07-19,,Qualified,High Value,
1171,2,13,2025-09-23,2025-09-29,2025-10-05,,Qualified,Emerging,
1172,5,1,2025-11-24,2025-11-30,,,Contacted,Core,
1173,5,19,2024-04-03,2024-04-08,2024-04-20,,Qualified,Core,
1174,1,17,2025-06-22,2025-06-26,2025-07-04,2025-08-18,Converted,Core,184
1175,6,24,2024-05-31,,,,New,Core,
1176,2,7,2024-01-03,2024-01-07,2024-01-20,,Qualified,Emerging,
1177,5,3,2024-05-04,2024-05-14,2024-05-28,2024-06-05,Converted,Core,185
1178,2,12,2025-10-14,,,,New,Core,
1179,2,12,2025-04-10,2025-04-12,2025-04-25,2025-06-02,Converted,High Value,186
1180,2,19,2025-10-04,2025-10-09,2025-10-18,2025-11-13,Converted,Emerging,187
1181,2,21,2024-11-03,2024-11-05,,,Contacted,Core,
1182,3,16,2024-06-01,2024-06-03,2024-06-11,,Qualified,High Value,
1183,4,22,2024-07-06,2024-07-15,,,Contacted,Core,
1184,7,13,2024-06-05,,,,New,Emerging,
1185,5,15,2025-02-22,,,,New,Core,
1186,3,20,2024-10-27,2024-10-30,,,Contacted,Core,
1187,3,17,2025-08-02,2025-08-06,2025-08-12,2025-09-01,Converted,Mass Affluent,188
1188,3,22,2025-08-23,2025-08-26,2025-09-07,,Qualified,Emerging,
1189,7,4,2024-02-14,2024-02-19,2024-02-23,,Qualified,Core,
1190,5,24,2025-06-24,2025-06-28,,,Contacted,Core,
1191,6,7,2024-04-17,,,,New,Core,
1192,5,2,2024-03-23,2024-03-27,2024-04-01,,Qualified,High Value,
1193,4,21,2025-07-22,2025-07-24,,,Contacted,Mass Affluent,
1194,3,22,2025-09-23,,,,New,High Value,
1195,3,4,2025-08-18,,,,New,Mass Affluent,
1196,7,17,2024-12-02,,,,New,High Value,
1197,1,7,2025-03-24,2025-03-26,2025-03-27,2025-04-29,Converted,High Value,189
1198,1,6,2024-10-20,2024-10-26,2024-11-08,,Qualified,Core,
1199,3,7,2024-05-18,2024-05-20,2024-05-27,2024-07-06,Converted,Emerging,190
1200,7,8,2024-02-17,2024-02-25,2024-03-08,2024-04-03,Converted,Mass Affluent,191
1201,6,7,2024-12-12,2024-12-20,2024-12-27,,Qualified,Mass Affluent,
1202,4,22,2025-12-11,2025-12-20,2025-12-27,,Qualified,Core,
1203,3,1,2025-12-04,2025-12-07,,,Contacted,Core,
1204,7,15,2025-03-15,,,,New,Mass Affluent,
1205,6,21,2024-11-25,2024-12-05,2024-12-13,,Qualified,Core,
1206,2,16,2024-08-03,,,,New,Mass Affluent,
1207,6,7,2024-07-03,2024-07-06,2024-07-14,,Qualified,Emerging,
1208,4,14,2025-09-13,2025-09-14,2025-09-27,2025-10-18,Converted,Emerging,192
1209,1,4,2024-09-29,2024-10-01,2024-10-02,,Qualified,Core,
1210,1,13,2024-07-17,2024-07-23,,,Contacted,Mass Affluent,
1211,7,15,2024-07-06,2024-07-08,2024-07-22,,Qualified,Mass Affluent,
1212,7,11,2024-09-23,2024-10-03,,,Contacted,Mass Affluent,
1213,2,5,2025-04-18,,,,New,High Value,
1214,5,3,2024-06-12,,,,New,Emerging,
1215,3,21,2024-02-18,2024-02-25,,,Contacted,Emerging,
1216,7,6,2025-04-09,,,,New,Core,
1217,2,19,2025-05-15,2025-05-25,,,Contacted,Core,
1218,3,14,2024-01-23,2024-01-25,2024-02-04,,Qualified,High Value,
1219,7,10,2024-08-31,2024-09-01,2024-09-11,,Qualified,Emerging,
1220,1,2,2024-06-06,,,,New,High Value,
1221,3,2,2024-04-26,,,,New,Mass Affluent,
1222,3,11,2025-11-30,,,,New,Emerging,
1223,5,18,2025-07-27,2025-08-06,,,Contacted,Emerging,
1224,4,6,2025-08-29,2025-09-04,2025-09-14,,Qualified,Mass Affluent,
1225,5,2,2025-03-30,,,,New,Mass Affluent,
1226,7,20,2025-09-07,2025-09-09,,,Contacted,Emerging,
1227,5,12,2024-10-11,2024-10-18,,,Contacted,Emerging,
1228,3,20,2024-04-10,2024-04-14,2024-04-16,,Qualified,Core,
1229,3,5,2025-11-14,,,,New,Core,
1230,4,4,2024-05-25,,,,New,Mass Affluent,
1231,4,8,2024-01-28,2024-02-06,2024-02-11,,Qualified,Emerging,
1232,3,4,2024-10-04,2024-10-06,,,Contacted,Core,
1233,4,21,2024-05-23,2024-05-28,2024-06-11,2024-06-22,Converted,Emerging,193
1234,3,11,2024-02-23,,,,New,Core,
1235,1,16,2024-10-18,2024-10-20,2024-10-21,2024-10-29,Converted,Core,194
1236,1,17,2025-07-17,2025-07-25,,,Contacted,Core,
1237,2,15,2024-11-11,2024-11-14,2024-11-18,,Qualified,Emerging,
1238,3,18,2025-01-13,,,,New,Core,
1239,4,18,2025-08-04,2025-08-07,,,Contacted,Emerging,
1240,2,17,2024-12-11,,,,New,Emerging,
1241,3,6,2024-04-03,2024-04-13,2024-04-23,2024-04-27,Converted,Mass Affluent,195
1242,4,2,2024-12-11,,,,New,Emerging,
1243,3,14,2025-08-29,2025-09-06,2025-09-17,2025-10-03,Converted,Emerging,196
1244,7,7,2025-08-09,2025-08-18,2025-08-30,,Qualified,Core,
1245,7,11,2025-10-14,2025-10-19,2025-10-29,,Qualified,Emerging,
1246,7,23,2024-03-20,2024-03-21,2024-03-28,,Qualified,Core,
1247,7,17,2025-09-22,2025-10-01,,,Contacted,High Value,
1248,2,15,2024-04-02,2024-04-03,,,Contacted,Core,
1249,3,6,2024-01-31,2024-02-09,,,Contacted,Mass Affluent,
1250,6,20,2025-12-09,2025-12-19,2025-12-26,,Qualified,Core,
1251,1,12,2024-09-21,,,,New,Core,
1252,3,8,2025-07-28,,,,New,Mass Affluent,
1253,7,8,2024-02-25,,,,New,Mass Affluent,
1254,7,24,2024-03-18,2024-03-27,2024-04-10,2024-04-13,Converted,Core,197
1255,1,19,2024-04-02,,,,New,Emerging,
1256,3,8,2024-01-10,2024-01-20,,,Contacted,Core,
1257,5,13,2025-10-26,,,,New,Emerging,
1258,3,8,2025-01-19,2025-01-24,,,Contacted,Emerging,
1259,7,15,2025-01-11,,,,New,Emerging,
1260,2,13,2025-12-19,2025-12-28,,,Contacted,Core,
1261,3,9,2025-12-30,2026-01-02,2026-01-06,2026-02-05,Converted,Emerging,198
1262,5,20,2024-05-11,2024-05-19,2024-05-29,2024-07-08,Converted,Core,199
1263,7,10,2025-07-31,2025-08-09,2025-08-22,2025-09-30,Converted,Core,200
1264,4,14,2025-09-15,,,,New,Emerging,
1265,5,20,2025-02-14,2025-02-23,,,Contacted,High Value,
1266,2,1,2024-03-28,2024-03-29,2024-04-06,,Qualified,Core,
1267,6,21,2024-10-24,,,,New,Emerging,
1268,3,16,2024-09-20,2024-09-22,2024-10-03,2024-10-18,Converted,Core,201
1269,2,20,2025-11-13,2025-11-21,2025-11-22,,Qualified,Emerging,
1270,2,20,2025-12-29,2025-12-30,2026-01-10,,Qualified,Emerging,
1271,5,12,2025-07-11,2025-07-16,,,Contacted,Core,
1272,2,20,2025-12-15,2025-12-22,,,Contacted,Emerging,
1273,3,24,2025-03-03,2025-03-11,2025-03-16,2025-04-04,Converted,Mass Affluent,202
1274,6,4,2024-04-24,,,,New,Core,
1275,4,22,2025-11-19,,,,New,Emerging,
1276,5,16,2025-11-25,2025-11-30,2025-12-05,,Qualified,Core,
1277,2,21,2024-07-20,2024-07-25,,,Contacted,Core,
1278,4,16,2025-01-31,,,,New,Emerging,
1279,2,11,2025-12-20,,,,New,Core,
1280,2,1,2024-05-21,,,,New,Emerging,
1281,1,5,2025-01-17,2025-01-21,2025-01-28,,Qualified,Core,
1282,2,24,2025-06-27,,,,New,Emerging,
1283,3,1,2025-09-30,2025-10-10,2025-10-11,,Qualified,Core,
1284,2,1,2025-09-14,2025-09-22,2025-10-05,2025-10-31,Converted,Core,203
1285,1,11,2024-10-19,,,,New,High Value,
1286,3,11,2024-08-18,2024-08-27,2024-08-29,2024-10-06,Converted,Core,204
1287,5,15,2025-08-08,2025-08-10,2025-08-14,,Qualified,Emerging,
1288,1,22,2024-11-23,2024-12-01,,,Contacted,Core,
1289,5,21,2025-08-12,2025-08-17,2025-08-31,,Qualified,Mass Affluent,
1290,3,21,2025-11-17,2025-11-23,2025-12-04,,Qualified,Core,
1291,7,16,2024-03-31,2024-04-02,2024-04-12,2024-04-26,Converted,Emerging,205
1292,1,24,2024-02-08,2024-02-13,,,Contacted,Mass Affluent,
1293,7,12,2025-06-02,2025-06-12,2025-06-13,2025-07-13,Converted,Mass Affluent,206
1294,2,5,2024-08-15,,,,New,Emerging,
1295,2,4,2024-06-09,,,,New,Core,
1296,5,21,2024-03-17,2024-03-23,,,Contacted,Core,
1297,4,14,2025-12-16,,,,New,Mass Affluent,
1298,2,19,2025-06-27,2025-06-30,2025-07-14,,Qualified,Mass Affluent,
1299,2,7,2025-04-06,,,,New,Core,
1300,3,22,2025-07-13,,,,New,Emerging,
1301,1,13,2025-12-15,2025-12-20,,,Contacted,Core,
1302,5,9,2025-02-04,2025-02-12,2025-02-22,,Qualified,Emerging,
1303,7,15,2024-06-06,2024-06-07,,,Contacted,Mass Affluent,
1304,1,14,2024-11-26,2024-12-05,2024-12-12,,Qualified,High Value,
1305,2,9,2025-04-26,2025-05-05,2025-05-13,2025-06-06,Converted,Core,207
1306,4,2,2024-03-06,2024-03-13,,,Contacted,Emerging,
1307,2,17,2025-10-20,2025-10-26,2025-11-07,,Qualified,Emerging,
1308,6,19,2024-01-13,2024-01-23,2024-01-31,2024-03-12,Converted,Core,208
1309,3,4,2025-11-03,2025-11-08,2025-11-19,,Qualified,Core,
1310,6,17,2024-10-10,2024-10-14,2024-10-17,,Qualified,High Value,
1311,4,16,2024-10-26,,,,New,Emerging,
1312,4,7,2025-12-17,2025-12-21,2026-01-01,,Qualified,High Value,
1313,2,13,2025-01-05,,,,New,Core,
1314,5,19,2024-01-24,,,,New,High Value,
1315,4,24,2024-05-27,2024-06-05,2024-06-15,2024-06-19,Converted,High Value,209
1316,5,13,2025-11-28,2025-12-08,2025-12-09,,Qualified,Core,
1317,1,17,2024-05-17,,,,New,Emerging,
1318,1,13,2025-02-01,,,,New,Mass Affluent,
1319,7,4,2024-02-18,2024-02-21,2024-03-02,,Qualified,Core,
1320,4,2,2024-09-05,,,,New,Emerging,
1321,4,17,2025-09-20,2025-09-24,2025-09-28,,Qualified,Core,
1322,6,7,2024-04-12,2024-04-18,2024-04-26,2024-05-01,Converted,Core,210
1323,5,11,2025-05-06,2025-05-08,2025-05-14,,Qualified,Core,
1324,5,13,2025-07-26,,,,New,Emerging,
1325,5,3,2024-12-05,2024-12-10,,,Contacted,Core,
1326,7,24,2025-01-16,2025-01-25,2025-01-29,,Qualified,Core,
1327,4,6,2024-05-05,2024-05-10,2024-05-21,2024-05-29,Converted,High Value,211
1328,7,2,2024-04-22,,,,New,Emerging,
1329,4,7,2024-03-09,,,,New,Mass Affluent,
1330,6,13,2025-09-19,,,,New,Core,
1331,6,6,2025-05-12,,,,New,Core,
1332,7,3,2024-11-01,2024-11-10,2024-11-16,,Qualified,Emerging,
1333,3,10,2025-11-30,2025-12-03,2025-12-12,2026-01-18,Converted,Emerging,212
1334,2,3,2024-05-17,,,,New,Emerging,
1335,3,10,2024-09-06,2024-09-15,2024-09-19,2024-09-25,Converted,Mass Affluent,213
1336,2,17,2025-03-18,,,,New,High Value,
1337,3,23,2024-01-20,,,,New,High Value,
1338,3,24,2024-04-07,2024-04-08,,,Contacted,Core,
1339,7,13,2025-03-10,,,,New,Emerging,
1340,2,5,2024-05-18,,,,New,Emerging,
1341,3,8,2025-08-24,2025-08-31,2025-09-03,2025-10-17,Converted,Emerging,214
1342,2,24,2025-09-04,2025-09-11,,,Contacted,Core,
1343,3,20,2025-03-29,2025-04-07,2025-04-14,2025-05-14,Converted,Emerging,215
1344,2,21,2025-06-07,2025-06-14,,,Contacted,Emerging,
1345,4,9,2025-02-07,2025-02-11,2025-02-20,2025-04-01,Converted,Mass Affluent,216
1346,1,1,2024-09-07,2024-09-15,,,Contacted,Emerging,
1347,1,9,2025-07-03,,,,New,Mass Affluent,
1348,6,1,2025-07-23,,,,New,Core,
1349,2,4,2024-05-14,,,,New,High Value,
1350,2,19,2024-10-31,,,,New,Core,
1351,6,9,2024-05-27,,,,New,High Value,
1352,4,23,2024-10-30,2024-11-03,2024-11-13,,Qualified,Emerging,
1353,6,14,2025-12-20,,,,New,Mass Affluent,
1354,1,20,2025-02-23,2025-03-04,2025-03-08,,Qualified,Emerging,
1355,7,23,2024-09-09,2024-09-11,2024-09-15,,Qualified,Emerging,
1356,2,22,2024-10-07,2024-10-17,2024-10-26,2024-11-14,Converted,Emerging,217
1357,6,16,2025-08-02,,,,New,Emerging,
1358,5,4,2024-07-29,,,,New,Core,
1359,7,16,2024-04-11,,,,New,Mass Affluent,
1360,1,7,2024-05-18,,,,New,Emerging,
1361,7,1,2024-05-18,2024-05-21,2024-05-30,,Qualified,Core,
1362,2,16,2025-12-14,2025-12-18,,,Contacted,High Value,
1363,1,8,2025-07-21,,,,New,Emerging,
1364,4,10,2025-09-21,,,,New,Core,
1365,7,19,2024-10-20,2024-10-25,2024-10-26,2024-11-02,Converted,Mass Affluent,218
1366,1,1,2025-10-15,,,,New,Core,
1367,1,22,2024-10-05,,,,New,Mass Affluent,
1368,2,18,2024-05-24,2024-05-26,2024-05-28,2024-06-22,Converted,Mass Affluent,219
1369,6,23,2025-03-31,2025-04-04,,,Contacted,Mass Affluent,
1370,4,12,2025-08-29,2025-08-30,,,Contacted,Core,
1371,4,19,2025-10-14,2025-10-23,2025-11-02,,Qualified,Mass Affluent,
1372,4,9,2025-01-15,2025-01-18,2025-01-26,,Qualified,Core,
1373,2,21,2024-01-21,2024-01-31,2024-02-10,,Qualified,Emerging,
1374,7,1,2025-06-28,2025-07-03,2025-07-06,,Qualified,Emerging,
1375,7,13,2025-09-06,2025-09-11,2025-09-25,2025-11-04,Converted,High Value,220
1376,2,23,2025-09-24,2025-09-29,2025-10-02,2025-11-12,Converted,Emerging,221
1377,2,19,2024-06-09,2024-06-15,2024-06-16,,Qualified,Emerging,
1378,4,3,2025-09-10,2025-09-20,2025-10-01,2025-10-25,Converted,Core,222
1379,4,21,2025-10-04,2025-10-13,,,Contacted,Mass Affluent,
1380,7,24,2024-05-01,2024-05-07,,,Contacted,Emerging,
1381,4,14,2025-03-06,2025-03-14,2025-03-25,2025-04-23,Converted,Emerging,223
1382,4,8,2025-05-24,2025-05-29,2025-06-02,2025-06-06,Converted,Emerging,224
1383,2,12,2024-03-06,,,,New,Core,
1384,3,12,2024-08-13,,,,New,High Value,
1385,7,12,2025-11-19,2025-11-26,,,Contacted,Core,
1386,2,6,2024-10-12,,,,New,Core,
1387,7,4,2024-01-23,2024-01-30,2024-02-09,2024-02-20,Converted,High Value,225
1388,5,5,2024-01-25,2024-02-04,2024-02-16,,Qualified,Mass Affluent,
1389,3,2,2025-10-30,,,,New,Mass Affluent,
1390,3,10,2025-02-04,2025-02-05,2025-02-14,,Qualified,Mass Affluent,
1391,3,13,2025-01-29,,,,New,Core,
1392,7,11,2024-07-14,2024-07-18,2024-07-26,2024-08-17,Converted,Core,226
1393,3,21,2025-07-06,2025-07-09,2025-07-18,2025-08-13,Converted,Emerging,227
1394,3,5,2025-06-14,2025-06-18,2025-06-19,2025-07-26,Converted,Core,228
1395,1,15,2024-03-25,2024-03-30,2024-04-02,2024-04-17,Converted,Emerging,229
1396,6,5,2025-11-04,2025-11-07,2025-11-12,,Qualified,Core,
1397,7,2,2025-12-06,,,,New,Core,
1398,5,13,2025-11-11,2025-11-12,2025-11-18,,Qualified,Emerging,
1399,2,24,2024-02-28,,,,New,Mass Affluent,
1400,2,11,2025-03-06,,,,New,High Value,
1401,6,7,2024-01-14,2024-01-24,2024-01-25,,Qualified,Core,
1402,3,18,2024-02-15,2024-02-21,2024-03-04,,Qualified,High Value,
1403,4,14,2025-03-10,2025-03-17,,,Contacted,Emerging,
1404,2,22,2025-10-12,2025-10-22,2025-10-27,,Qualified,Mass Affluent,
1405,7,12,2024-08-13,2024-08-15,,,Contacted,Emerging,
1406,5,14,2025-05-24,,,,New,Core,
1407,3,5,2024-04-06,2024-04-11,,,Contacted,Emerging,
1408,3,21,2024-01-30,2024-02-06,2024-02-14,,Qualified,Mass Affluent,
1409,2,14,2024-08-29,2024-09-04,2024-09-05,,Qualified,Emerging,
1410,4,14,2025-03-30,2025-03-31,,,Contacted,Core,
1411,5,21,2025-09-08,2025-09-18,,,Contacted,Emerging,
1412,1,5,2024-11-27,2024-12-04,2024-12-10,,Qualified,High Value,
1413,6,18,2024-01-26,2024-01-31,,,Contacted,Emerging,
1414,7,5,2025-08-27,,,,New,Mass Affluent,
1415,3,3,2025-07-01,2025-07-06,2025-07-15,2025-08-14,Converted,Emerging,230
1416,4,21,2024-02-06,2024-02-07,2024-02-14,,Qualified,Core,
1417,1,13,2024-06-21,,,,New,Emerging,
1418,6,7,2024-01-21,,,,New,Mass Affluent,
1419,4,21,2025-12-28,2026-01-05,2026-01-11,,Qualified,Emerging,
1420,4,23,2024-04-04,,,,New,Mass Affluent,
1421,6,20,2025-01-11,,,,New,Core,
1422,3,2,2025-01-24,,,,New,Core,
1423,6,10,2024-09-16,,,,New,Emerging,
1424,1,9,2025-01-24,,,,New,Mass Affluent,
1425,6,14,2024-12-28,,,,New,Core,
1426,7,9,2025-06-02,2025-06-06,2025-06-17,,Qualified,High Value,
1427,4,10,2025-06-14,2025-06-22,2025-06-30,,Qualified,Core,
1428,2,22,2025-10-26,2025-11-02,2025-11-12,,Qualified,Mass Affluent,
1429,1,20,2024-06-28,2024-06-29,2024-06-30,2024-08-01,Converted,Emerging,231
1430,2,13,2025-01-01,2025-01-10,2025-01-17,,Qualified,Mass Affluent,
1431,6,12,2024-12-22,2024-12-27,,,Contacted,Core,
1432,6,10,2024-12-18,,,,New,Emerging,
1433,6,15,2025-12-16,2025-12-19,,,Contacted,Core,
1434,1,5,2024-03-29,,,,New,Mass Affluent,
1435,4,24,2024-06-19,2024-06-26,2024-06-27,2024-08-01,Converted,Emerging,232
1436,1,8,2024-09-18,2024-09-25,2024-10-03,,Qualified,Emerging,
1437,1,17,2025-12-25,2026-01-04,2026-01-10,,Qualified,Emerging,
1438,6,19,2025-05-10,2025-05-11,2025-05-18,2025-05-30,Converted,Mass Affluent,233
1439,5,2,2024-08-06,,,,New,Emerging,
1440,1,6,2025-08-31,2025-09-01,2025-09-05,,Qualified,Core,
1441,1,18,2025-12-29,,,,New,Emerging,
1442,5,4,2024-02-15,2024-02-18,2024-02-26,,Qualified,Emerging,
1443,2,1,2024-04-10,2024-04-14,2024-04-17,2024-04-22,Converted,Mass Affluent,234
1444,1,20,2024-07-09,2024-07-17,2024-07-29,2024-08-08,Converted,Mass Affluent,235
1445,4,18,2025-03-07,2025-03-12,,,Contacted,Core,
1446,4,1,2024-08-09,2024-08-10,2024-08-11,,Qualified,Emerging,
1447,2,24,2024-05-28,2024-06-07,,,Contacted,Emerging,
1448,1,9,2024-02-21,2024-02-24,,,Contacted,Core,
1449,5,7,2024-01-21,2024-01-28,2024-02-08,,Qualified,Emerging,
1450,3,19,2025-09-21,2025-09-24,2025-09-26,2025-10-30,Converted,Emerging,236
1451,3,12,2025-04-04,,,,New,Mass Affluent,
1452,1,14,2025-09-03,2025-09-12,2025-09-21,,Qualified,Emerging,
1453,7,7,2025-10-20,,,,New,Core,
1454,4,12,2024-07-12,,,,New,Mass Affluent,
1455,2,23,2024-07-18,2024-07-20,2024-07-28,,Qualified,Core,
1456,6,6,2025-09-07,2025-09-13,2025-09-22,,Qualified,Emerging,
1457,6,5,2024-05-28,,,,New,Mass Affluent,
1458,1,15,2024-10-05,2024-10-11,2024-10-20,,Qualified,Mass Affluent,
1459,1,23,2024-07-05,,,,New,Core,
1460,6,18,2025-02-08,2025-02-10,2025-02-24,,Qualified,Emerging,
1461,1,16,2025-09-04,2025-09-14,2025-09-15,,Qualified,Core,
1462,6,20,2025-09-11,,,,New,Mass Affluent,
1463,6,7,2024-12-02,,,,New,Mass Affluent,
1464,4,17,2024-03-06,2024-03-14,2024-03-18,,Qualified,High Value,
1465,6,6,2024-11-08,2024-11-13,2024-11-15,2024-12-27,Converted,Core,237
1466,7,19,2024-10-18,2024-10-27,2024-11-06,2024-11-13,Converted,Mass Affluent,238
1467,7,10,2024-05-09,2024-05-10,2024-05-17,2024-06-16,Converted,Core,239
1468,6,15,2024-04-15,2024-04-22,2024-05-04,,Qualified,Core,
1469,6,10,2024-09-24,2024-09-27,,,Contacted,Emerging,
1470,3,11,2024-01-18,,,,New,Mass Affluent,
1471,6,19,2024-08-22,2024-08-27,2024-08-30,2024-10-07,Converted,Core,240
1472,1,15,2024-08-13,,,,New,Mass Affluent,
1473,7,12,2025-04-17,2025-04-20,2025-04-27,,Qualified,Emerging,
1474,4,12,2025-09-19,2025-09-24,2025-10-08,2025-11-12,Converted,Mass Affluent,241
1475,5,15,2024-12-25,2025-01-02,2025-01-15,,Qualified,Emerging,
1476,1,19,2024-10-11,2024-10-17,,,Contacted,Core,
1477,3,8,2025-06-21,,,,New,Mass Affluent,
1478,4,12,2024-09-08,2024-09-11,2024-09-18,2024-10-18,Converted,High Value,242
1479,4,18,2024-05-30,,,,New,Emerging,
1480,2,12,2025-02-17,2025-02-26,2025-03-09,,Qualified,Core,
1481,3,1,2024-11-19,2024-11-28,2024-12-05,2024-12-19,Converted,High Value,243
1482,1,7,2024-04-02,,,,New,High Value,
1483,6,7,2024-01-09,2024-01-16,2024-01-29,,Qualified,Emerging,
1484,4,18,2025-09-08,2025-09-18,,,Contacted,Emerging,
1485,5,13,2024-12-04,2024-12-06,2024-12-13,,Qualified,Core,
1486,2,10,2025-06-29,2025-06-30,2025-07-12,,Qualified,Emerging,
1487,2,23,2025-09-13,,,,New,Emerging,
1488,1,23,2025-09-14,,,,New,Core,
1489,2,2,2025-08-24,,,,New,Emerging,
1490,3,5,2025-04-28,,,,New,Emerging,
1491,3,24,2025-02-15,2025-02-21,2025-02-27,2025-03-14,Converted,Mass Affluent,244
1492,6,3,2025-09-24,,,,New,Mass Affluent,
1493,1,23,2025-01-26,,,,New,Core,
1494,1,2,2025-12-20,,,,New,Core,
1495,3,5,2024-05-06,2024-05-09,2024-05-12,,Qualified,Mass Affluent,
1496,5,13,2024-05-29,2024-06-08,2024-06-21,,Qualified,High Value,
1497,6,12,2025-05-19,2025-05-20,2025-06-01,,Qualified,Emerging,
1498,2,9,2024-07-14,,,,New,High Value,
1499,3,3,2024-10-29,2024-10-30,,,Contacted,Core,
1500,1,23,2024-05-30,,,,New,High Value,
1501,7,13,2024-02-14,2024-02-17,2024-02-22,,Qualified,Emerging,
1502,7,13,2025-12-10,,,,New,High Value,
1503,5,1,2024-09-20,,,,New,Core,
1504,5,17,2024-12-04,2024-12-09,,,Contacted,Emerging,
1505,2,17,2025-07-26,2025-08-02,2025-08-08,,Qualified,Core,
1506,2,13,2025-11-05,,,,New,Core,
1507,2,19,2024-01-24,,,,New,High Value,
1508,7,7,2025-07-23,2025-07-31,,,Contacted,Mass Affluent,
1509,5,20,2024-01-16,2024-01-21,2024-02-04,,Qualified,High Value,
1510,5,23,2024-05-04,2024-05-05,,,Contacted,High Value,
1511,6,14,2025-04-30,2025-05-04,2025-05-07,,Qualified,Core,
1512,6,17,2025-02-27,,,,New,Core,
1513,2,19,2024-06-19,2024-06-22,2024-07-06,,Qualified,Mass Affluent,
1514,2,2,2025-03-23,,,,New,Core,
1515,6,10,2025-11-28,,,,New,Core,
1516,6,16,2025-05-29,2025-06-03,,,Contacted,Core,
1517,7,19,2025-05-01,2025-05-05,2025-05-07,2025-06-09,Converted,Core,245
1518,6,11,2025-08-12,2025-08-17,2025-08-20,2025-08-31,Converted,Core,246
1519,6,8,2025-01-18,,,,New,Core,
1520,6,16,2024-04-16,,,,New,Core,
1521,1,12,2024-09-07,2024-09-08,,,Contacted,Core,
1522,4,21,2025-12-18,2025-12-22,2025-12-29,,Qualified,High Value,
1523,3,14,2025-03-31,2025-04-03,,,Contacted,Mass Affluent,
1524,3,11,2025-10-26,,,,New,Emerging,
1525,1,22,2025-05-24,2025-06-02,,,Contacted,Emerging,
1526,5,12,2025-02-11,2025-02-18,2025-02-19,,Qualified,Core,
1527,7,19,2025-12-14,2025-12-22,2025-12-30,,Qualified,Core,
1528,2,22,2024-04-12,2024-04-21,2024-05-04,,Qualified,Core,
1529,3,19,2024-02-07,2024-02-17,2024-02-22,2024-04-06,Converted,Mass Affluent,247
1530,3,2,2025-06-14,,,,New,Core,
1531,6,13,2024-02-07,2024-02-14,2024-02-16,,Qualified,Emerging,
1532,7,21,2024-10-03,2024-10-13,2024-10-16,2024-11-21,Converted,Emerging,248
1533,2,11,2025-05-06,,,,New,Mass Affluent,
1534,7,3,2025-12-12,2025-12-16,,,Contacted,Mass Affluent,
1535,1,15,2025-11-20,,,,New,Mass Affluent,
1536,4,12,2025-07-28,,,,New,Core,
1537,2,11,2024-07-04,,,,New,Core,
1538,6,16,2025-08-28,,,,New,Mass Affluent,
1539,2,17,2025-06-19,2025-06-21,,,Contacted,Emerging,
1540,3,21,2025-11-04,2025-11-11,,,Contacted,Emerging,
1541,7,10,2025-02-07,,,,New,Mass Affluent,
1542,3,21,2025-10-06,2025-10-10,,,Contacted,Emerging,
1543,7,23,2025-06-29,,,,New,Mass Affluent,
1544,1,7,2025-01-26,,,,New,Emerging,
1545,6,11,2024-05-27,2024-06-05,2024-06-07,,Qualified,Mass Affluent,
1546,3,13,2025-11-17,2025-11-26,2025-11-30,2025-12-15,Converted,Emerging,249
1547,6,20,2025-01-17,2025-01-19,2025-01-30,,Qualified,Core,
1548,6,10,2024-04-15,2024-04-19,,,Contacted,Emerging,
1549,7,13,2024-09-19,,,,New,Core,
1550,5,3,2025-02-14,2025-02-18,,,Contacted,Core,
1551,5,24,2025-12-27,2025-12-30,2026-01-05,2026-02-19,Converted,High Value,250
1552,3,8,2024-03-09,2024-03-12,2024-03-25,2024-04-18,Converted,High Value,251
1553,5,10,2024-03-16,2024-03-23,,,Contacted,Emerging,
1554,4,13,2025-07-26,2025-08-03,,,Contacted,Mass Affluent,
1555,3,8,2024-11-13,2024-11-23,,,Contacted,Mass Affluent,
1556,4,8,2024-02-15,2024-02-22,2024-03-05,,Qualified,Mass Affluent,
1557,7,11,2024-04-29,,,,New,Emerging,
1558,5,2,2025-08-23,2025-08-31,,,Contacted,Mass Affluent,
1559,7,11,2024-10-23,2024-11-02,2024-11-08,,Qualified,Mass Affluent,
1560,3,15,2025-01-05,2025-01-12,,,Contacted,Core,
1561,3,9,2025-11-27,2025-12-06,2025-12-11,2026-01-07,Converted,Core,252
1562,1,20,2025-03-29,,,,New,Mass Affluent,
1563,3,15,2024-02-11,,,,New,Emerging,
1564,7,14,2024-05-27,2024-06-04,2024-06-06,,Qualified,Core,
1565,2,22,2024-02-03,2024-02-06,,,Contacted,Emerging,
1566,2,9,2024-10-13,2024-10-14,,,Contacted,Mass Affluent,
1567,1,13,2025-09-18,2025-09-27,2025-10-04,,Qualified,Core,
1568,7,9,2024-09-16,,,,New,Mass Affluent,
1569,5,16,2024-12-14,2024-12-23,2025-01-05,,Qualified,Emerging,
1570,4,14,2024-11-05,,,,New,Core,
1571,4,18,2025-03-10,2025-03-17,2025-03-18,,Qualified,Core,
1572,1,20,2024-11-29,2024-12-03,,,Contacted,High Value,
1573,7,16,2024-06-12,,,,New,Core,
1574,7,23,2024-03-19,2024-03-25,2024-04-07,2024-05-06,Converted,Emerging,253
1575,1,19,2025-01-16,2025-01-25,2025-01-29,,Qualified,Core,
1576,4,16,2024-03-18,2024-03-20,2024-03-30,2024-05-12,Converted,Core,254
1577,5,8,2025-12-10,2025-12-18,2025-12-30,,Qualified,Core,
1578,3,7,2025-10-06,,,,New,Mass Affluent,
1579,4,17,2025-05-22,2025-05-29,,,Contacted,Core,
1580,2,17,2025-11-23,,,,New,Mass Affluent,
1581,5,2,2024-08-19,2024-08-24,2024-08-27,2024-09-17,Converted,Core,255
1582,6,3,2025-06-18,2025-06-22,,,Contacted,Emerging,
1583,5,21,2024-09-05,2024-09-11,,,Contacted,Core,
1584,1,12,2024-09-12,,,,New,Emerging,
1585,4,6,2024-11-04,2024-11-11,,,Contacted,Core,
1586,6,2,2025-03-18,2025-03-23,2025-03-28,2025-04-09,Converted,Core,256
1587,6,19,2025-07-05,2025-07-13,,,Contacted,Emerging,
1588,2,5,2024-11-30,2024-12-06,2024-12-12,,Qualified,Core,
1589,3,5,2024-06-04,,,,New,Mass Affluent,
1590,3,13,2024-11-08,2024-11-14,2024-11-28,2024-12-06,Converted,Emerging,257
1591,5,22,2025-01-08,,,,New,Mass Affluent,
1592,2,1,2024-01-01,2024-01-07,,,Contacted,Emerging,
1593,4,3,2024-11-09,2024-11-10,2024-11-19,,Qualified,Emerging,
1594,4,24,2024-04-08,,,,New,Mass Affluent,
1595,4,17,2025-06-21,2025-06-22,2025-06-27,,Qualified,Mass Affluent,
1596,4,23,2025-07-02,,,,New,Emerging,
1597,3,14,2025-09-02,2025-09-12,2025-09-19,2025-10-13,Converted,High Value,258
1598,7,1,2025-06-30,2025-07-10,,,Contacted,Core,
1599,5,12,2024-04-15,2024-04-24,2024-04-28,,Qualified,Core,
1600,6,14,2025-04-05,2025-04-11,,,Contacted,Mass Affluent,
1601,3,22,2025-09-14,,,,New,Mass Affluent,
1602,3,8,2024-04-01,2024-04-09,,,Contacted,Emerging,
1603,7,12,2025-03-14,2025-03-18,,,Contacted,Mass Affluent,
1604,6,18,2025-05-07,2025-05-14,,,Contacted,Emerging,
1605,1,5,2025-01-18,,,,New,Emerging,
1606,6,2,2024-12-16,2024-12-25,,,Contacted,High Value,
1607,2,17,2025-06-06,2025-06-10,2025-06-11,2025-06-26,Converted,Mass Affluent,259
1608,3,21,2025-02-17,2025-02-20,2025-02-24,2025-03-17,Converted,Emerging,260
1609,2,3,2024-04-22,,,,New,Emerging,
1610,6,13,2025-10-08,2025-10-10,2025-10-20,,Qualified,Mass Affluent,
1611,6,4,2024-04-14,,,,New,Mass Affluent,
1612,6,11,2025-01-22,,,,New,Core,
1613,3,24,2025-05-12,2025-05-17,2025-05-19,,Qualified,High Value,
1614,3,1,2024-12-16,,,,New,Mass Affluent,
1615,3,21,2024-04-28,2024-05-03,2024-05-11,2024-05-16,Converted,Core,261
1616,3,16,2025-02-10,2025-02-11,,,Contacted,Emerging,
1617,7,4,2024-06-18,2024-06-23,2024-06-24,,Qualified,Emerging,
1618,7,17,2025-08-28,2025-08-29,2025-09-09,2025-09-27,Converted,Core,262
1619,7,12,2024-12-08,,,,New,Core,
1620,2,8,2025-11-12,2025-11-19,2025-12-01,,Qualified,High Value,
1621,2,24,2024-08-27,2024-08-28,,,Contacted,Emerging,
1622,4,23,2024-04-24,,,,New,Core,
1623,4,8,2024-04-16,,,,New,Emerging,
1624,3,14,2025-12-12,,,,New,Emerging,
1625,6,5,2024-07-19,,,,New,Mass Affluent,
1626,7,17,2025-01-20,,,,New,High Value,
1627,5,5,2025-05-05,,,,New,Core,
1628,1,9,2025-12-19,2025-12-23,,,Contacted,Emerging,
1629,1,14,2024-01-07,2024-01-11,2024-01-25,2024-02-17,Converted,Core,263
1630,7,8,2024-01-02,2024-01-11,,,Contacted,Emerging,
1631,5,2,2025-11-27,,,,New,Mass Affluent,
1632,5,13,2025-05-04,2025-05-05,2025-05-10,,Qualified,Core,
1633,6,14,2024-03-12,2024-03-21,2024-03-30,2024-04-10,Converted,Mass Affluent,264
1634,6,24,2025-07-09,2025-07-11,2025-07-13,,Qualified,Emerging,
1635,4,16,2024-03-28,,,,New,Emerging,
1636,6,22,2025-12-11,2025-12-14,2025-12-27,,Qualified,Core,
1637,6,9,2025-02-03,,,,New,Core,
1638,2,24,2025-02-10,2025-02-16,2025-02-25,2025-03-19,Converted,Emerging,265
1639,5,15,2024-08-16,,,,New,Mass Affluent,
1640,1,2,2025-04-28,,,,New,Core,
1641,2,21,2025-03-27,2025-04-01,2025-04-10,,Qualified,Core,
1642,2,18,2025-04-26,2025-04-29,2025-05-07,,Qualified,Core,
1643,6,23,2024-01-20,2024-01-29,2024-01-31,2024-03-13,Converted,Emerging,266
1644,4,23,2024-06-23,2024-06-25,2024-07-01,2024-07-04,Converted,Emerging,267
1645,3,18,2025-06-03,2025-06-11,,,Contacted,Emerging,
1646,5,8,2025-01-11,,,,New,Core,
1647,3,22,2025-01-08,2025-01-14,2025-01-24,2025-02-22,Converted,Core,268
1648,2,15,2024-04-17,,,,New,High Value,
1649,1,8,2024-08-04,2024-08-13,2024-08-24,,Qualified,Core,
1650,3,8,2025-08-12,2025-08-13,,,Contacted,Mass Affluent,
1651,5,10,2025-09-22,2025-09-27,2025-10-10,,Qualified,Emerging,
1652,5,6,2025-03-12,2025-03-17,2025-03-28,,Qualified,Emerging,
1653,4,1,2024-09-22,2024-09-26,2024-10-06,,Qualified,Core,
1654,4,12,2025-06-02,,,,New,Core,
1655,6,16,2024-12-03,2024-12-12,,,Contacted,Emerging,
1656,4,23,2024-08-03,2024-08-11,2024-08-19,,Qualified,High Value,
1657,2,5,2024-07-14,2024-07-20,,,Contacted,Emerging,
1658,5,11,2025-11-29,,,,New,Mass Affluent,
1659,7,5,2025-11-30,,,,New,Emerging,
1660,2,11,2025-12-12,,,,New,Core,
1661,5,15,2024-06-08,2024-06-12,,,Contacted,Emerging,
1662,3,2,2025-08-22,2025-08-30,2025-08-31,,Qualified,High Value,
1663,7,12,2025-07-31,2025-08-03,2025-08-05,2025-09-12,Converted,Core,269
1664,3,12,2025-01-13,2025-01-23,,,Contacted,Core,
1665,4,18,2025-09-12,,,,New,Emerging,
1666,2,21,2024-05-20,2024-05-24,,,Contacted,Core,
1667,7,8,2025-02-13,2025-02-16,,,Contacted,High Value,
1668,5,15,2025-01-18,,,,New,Core,
1669,4,20,2024-02-08,2024-02-16,,,Contacted,Emerging,
1670,2,2,2024-02-27,2024-03-03,,,Contacted,Emerging,
1671,4,6,2024-03-16,2024-03-20,2024-03-30,2024-05-12,Converted,Mass Affluent,270
1672,6,17,2025-03-10,2025-03-19,2025-03-28,,Qualified,Emerging,
1673,5,17,2024-07-14,,,,New,Mass Affluent,
1674,3,5,2025-07-24,,,,New,Emerging,
1675,6,9,2024-03-26,,,,New,Mass Affluent,
1676,5,3,2025-09-23,2025-10-01,2025-10-02,2025-10-12,Converted,Core,271
1677,3,3,2024-04-03,2024-04-04,,,Contacted,Emerging,
1678,2,1,2025-01-16,2025-01-24,2025-01-27,,Qualified,Mass Affluent,
1679,4,12,2025-10-01,,,,New,Core,
1680,6,23,2025-10-31,,,,New,High Value,
1681,7,20,2025-03-08,2025-03-16,,,Contacted,Mass Affluent,
1682,2,2,2024-10-15,2024-10-19,2024-10-27,,Qualified,Emerging,
1683,2,8,2025-04-14,,,,New,High Value,
1684,7,15,2025-03-09,,,,New,Core,
1685,7,22,2025-09-14,2025-09-21,2025-10-04,,Qualified,High Value,
1686,5,22,2024-02-17,,,,New,Core,
1687,4,17,2025-06-05,2025-06-14,2025-06-15,,Qualified,Emerging,
1688,3,9,2024-12-04,2024-12-08,2024-12-11,,Qualified,Emerging,
1689,1,23,2025-06-14,2025-06-16,,,Contacted,High Value,
1690,6,24,2024-11-25,2024-11-27,,,Contacted,Emerging,
1691,6,15,2025-12-12,2025-12-21,2025-12-22,,Qualified,Mass Affluent,
1692,2,1,2024-12-08,,,,New,Emerging,
1693,7,19,2025-06-13,,,,New,High Value,
1694,5,4,2025-09-16,2025-09-21,2025-09-29,,Qualified,High Value,
1695,1,16,2025-07-14,,,,New,Mass Affluent,
1696,2,3,2024-09-25,2024-10-04,2024-10-05,,Qualified,Mass Affluent,
1697,6,20,2025-04-10,2025-04-18,2025-04-24,,Qualified,Emerging,
1698,1,4,2025-09-17,,,,New,Emerging,
1699,6,7,2025-03-01,,,,New,High Value,
1700,5,14,2024-07-05,2024-07-15,2024-07-19,,Qualified,Emerging,
1701,3,16,2025-09-10,2025-09-16,,,Contacted,Core,
1702,4,5,2025-12-23,2025-12-24,,,Contacted,High Value,
1703,5,1,2024-11-19,,,,New,Emerging,
1704,6,5,2025-04-05,,,,New,Emerging,
1705,2,15,2025-11-22,2025-11-30,,,Contacted,Emerging,
1706,7,3,2024-04-17,2024-04-18,2024-04-26,,Qualified,Core,
1707,3,23,2024-11-01,2024-11-07,,,Contacted,Core,
1708,1,6,2025-10-05,,,,New,Mass Affluent,
1709,2,3,2024-06-24,,,,New,Core,
1710,4,19,2024-02-12,,,,New,Emerging,
1711,3,13,2025-08-26,,,,New,Core,
1712,2,18,2025-05-28,,,,New,High Value,
1713,3,15,2024-02-06,2024-02-10,2024-02-24,2024-03-08,Converted,Mass Affluent,272
1714,3,24,2025-11-18,2025-11-22,,,Contacted,Emerging,
1715,5,20,2024-12-04,2024-12-05,2024-12-06,,Qualified,Core,
1716,7,9,2024-06-12,2024-06-21,2024-07-01,,Qualified,Core,
1717,5,16,2024-04-03,,,,New,Core,
1718,2,12,2025-03-10,2025-03-19,2025-04-01,,Qualified,High Value,
1719,7,7,2024-11-29,2024-12-07,2024-12-15,,Qualified,Emerging,
1720,4,23,2025-08-18,,,,New,Emerging,
1721,3,19,2024-12-17,2024-12-23,2024-12-29,2025-02-11,Converted,Emerging,273
1722,4,20,2024-09-25,2024-10-04,2024-10-07,,Qualified,Emerging,
1723,2,24,2024-10-18,,,,New,Emerging,
1724,2,19,2024-07-24,,,,New,Core,
1725,7,1,2025-08-12,2025-08-21,2025-08-22,,Qualified,Core,
1726,1,10,2025-05-04,2025-05-08,2025-05-11,2025-06-03,Converted,Emerging,274
1727,1,8,2024-02-10,2024-02-11,2024-02-14,2024-03-27,Converted,Core,275
1728,6,16,2025-04-09,2025-04-15,,,Contacted,Mass Affluent,
1729,1,7,2025-11-09,,,,New,Core,
1730,1,21,2025-11-18,2025-11-24,,,Contacted,Mass Affluent,
1731,5,20,2025-01-23,,,,New,Emerging,
1732,7,15,2024-01-24,2024-02-03,2024-02-17,2024-03-16,Converted,Core,276
1733,2,18,2025-12-28,2026-01-01,2026-01-04,,Qualified,High Value,
1734,7,9,2025-06-13,2025-06-15,2025-06-22,,Qualified,Emerging,
1735,5,15,2025-05-07,2025-05-12,2025-05-13,,Qualified,Core,
1736,6,7,2025-12-20,2025-12-27,2025-12-29,,Qualified,Emerging,
1737,6,24,2024-01-23,2024-01-28,2024-02-04,,Qualified,High Value,
1738,1,9,2024-01-28,2024-02-02,,,Contacted,Core,
1739,2,1,2024-03-29,2024-04-01,,,Contacted,Emerging,
1740,4,19,2025-04-27,,,,New,Mass Affluent,
1741,6,24,2025-03-31,2025-04-07,,,Contacted,Mass Affluent,
1742,6,21,2025-04-06,2025-04-10,,,Contacted,Emerging,
1743,3,2,2025-07-10,2025-07-15,2025-07-29,,Qualified,Mass Affluent,
1744,7,15,2024-02-04,2024-02-14,2024-02-20,,Qualified,Mass Affluent,
1745,5,11,2024-10-27,2024-11-04,2024-11-18,,Qualified,Mass Affluent,
1746,1,4,2025-02-28,,,,New,Mass Affluent,
1747,6,3,2025-10-25,,,,New,Emerging,
1748,5,22,2024-10-18,2024-10-24,2024-11-04,2024-11-14,Converted,Mass Affluent,277
1749,6,12,2025-02-19,2025-02-23,2025-02-24,,Qualified,High Value,
1750,2,24,2024-03-07,,,,New,Mass Affluent,
1751,1,22,2025-06-18,2025-06-19,2025-06-27,,Qualified,Mass Affluent,
1752,1,19,2025-05-31,2025-06-08,,,Contacted,Core,
1753,6,22,2025-06-12,,,,New,Mass Affluent,
1754,6,6,2024-09-03,2024-09-11,,,Contacted,High Value,
1755,1,21,2024-05-30,2024-06-02,2024-06-04,,Qualified,Mass Affluent,
1756,5,19,2024-03-02,2024-03-03,2024-03-06,,Qualified,Core,
1757,7,22,2025-06-26,2025-06-27,2025-07-01,,Qualified,Mass Affluent,
1758,1,17,2025-10-08,2025-10-15,,,Contacted,Mass Affluent,
1759,7,23,2024-02-05,2024-02-14,,,Contacted,Emerging,
1760,3,18,2025-03-26,,,,New,High Value,
1761,4,12,2024-03-01,,,,New,Mass Affluent,
1762,3,11,2025-02-08,2025-02-14,2025-02-25,,Qualified,Emerging,
1763,5,12,2024-01-04,,,,New,Mass Affluent,
1764,3,5,2024-06-01,2024-06-11,2024-06-15,2024-06-21,Converted,Emerging,278
1765,6,6,2024-07-09,2024-07-13,2024-07-26,2024-08-12,Converted,Mass Affluent,279
1766,3,19,2025-11-21,2025-11-23,2025-12-04,2025-12-08,Converted,Emerging,280
1767,5,3,2024-01-01,2024-01-09,2024-01-16,,Qualified,Emerging,
1768,2,20,2025-09-10,2025-09-11,2025-09-15,,Qualified,Core,
1769,2,2,2024-02-24,2024-02-25,,,Contacted,Core,
1770,4,22,2025-01-20,2025-01-23,,,Contacted,Core,
1771,6,7,2024-10-18,,,,New,Core,
1772,5,3,2025-03-12,2025-03-14,2025-03-15,2025-04-25,Converted,Emerging,281
1773,6,12,2025-10-15,,,,New,Emerging,
1774,7,16,2024-09-09,,,,New,Core,
1775,7,10,2024-09-18,,,,New,Mass Affluent,
1776,2,18,2025-03-27,,,,New,Mass Affluent,
1777,7,23,2024-11-29,2024-11-30,,,Contacted,Core,
1778,4,3,2025-08-30,2025-09-08,,,Contacted,Emerging,
1779,5,7,2025-05-30,2025-06-02,2025-06-06,,Qualified,Emerging,
1780,2,10,2024-08-25,2024-08-28,2024-08-30,,Qualified,Emerging,
1781,3,10,2025-03-05,2025-03-10,2025-03-20,2025-03-26,Converted,Emerging,282
1782,3,18,2024-02-26,2024-02-28,,,Contacted,Core,
1783,3,11,2024-05-03,2024-05-13,2024-05-17,,Qualified,Mass Affluent,
1784,3,20,2024-05-31,2024-06-09,2024-06-21,2024-07-17,Converted,Emerging,283
1785,7,14,2024-01-07,2024-01-09,2024-01-21,2024-02-28,Converted,Mass Affluent,284
1786,1,23,2024-05-31,2024-06-06,2024-06-09,,Qualified,Core,
1787,7,20,2024-11-12,2024-11-20,,,Contacted,Emerging,
1788,6,8,2024-12-04,2024-12-13,2024-12-18,,Qualified,Core,
1789,2,19,2024-10-04,,,,New,Mass Affluent,
1790,1,9,2025-12-16,,,,New,Emerging,
1791,7,18,2025-05-12,2025-05-16,2025-05-27,,Qualified,Mass Affluent,
1792,7,5,2024-04-08,,,,New,Core,
1793,2,3,2024-08-10,2024-08-19,,,Contacted,Emerging,
1794,2,10,2024-06-15,,,,New,Core,
1795,7,20,2025-03-21,,,,New,Core,
1796,4,15,2024-10-16,,,,New,Mass Affluent,
1797,4,7,2025-12-20,2025-12-24,2026-01-05,,Qualified,Mass Affluent,
1798,1,15,2025-06-23,,,,New,Mass Affluent,
1799,3,2,2024-09-12,2024-09-21,2024-09-24,,Qualified,Core,
1800,2,18,2025-07-13,,,,New,Emerging,
